filepath,class,split
trashnet/data/dataset-resized/plastic/plastic344.jpg,plastic,train
trashnet/data/dataset-resized/cardboard/cardboard110.jpg,cardboard,train
trashnet/data/dataset-resized/cardboard/cardboard155.jpg,cardboard,train
trashnet/data/dataset-resized/cardboard/cardboard260.jpg,cardboard,train
trashnet/data/dataset-resized/metal/metal171.jpg,metal,train
trashnet/data/dataset-resized/metal/metal46.jpg,metal,train
trashnet/data/dataset-resized/paper/paper80.jpg,paper,train
trashnet/data/dataset-resized/plastic/plastic175.jpg,plastic,train
trashnet/data/dataset-resized/plastic/plastic265.jpg,plastic,train
trashnet/data/dataset-resized/paper/paper593.jpg,paper,train
trashnet/data/dataset-resized/cardboard/cardboard160.jpg,cardboard,train
trashnet/data/dataset-resized/metal/metal306.jpg,metal,train
trashnet/data/dataset-resized/paper/paper462.jpg,paper,train
trashnet/data/dataset-resized/cardboard/cardboard392.jpg,cardboard,train
trashnet/data/dataset-resized/cardboard/cardboard101.jpg,cardboard,train
trashnet/data/dataset-resized/paper/paper223.jpg,paper,train
trashnet/data/dataset-resized/glass/glass198.jpg,glass,train
trashnet/data/dataset-resized/metal/metal62.jpg,metal,train
trashnet/data/dataset-resized/metal/metal153.jpg,metal,train
trashnet/data/dataset-resized/cardboard/cardboard320.jpg,cardboard,train
trashnet/data/dataset-resized/plastic/plastic270.jpg,plastic,train
trashnet/data/dataset-resized/plastic/plastic411.jpg,plastic,train
trashnet/data/dataset-resized/glass/glass187.jpg,glass,train
trashnet/data/dataset-resized/glass/glass52.jpg,glass,train
trashnet/data/dataset-resized/paper/paper549.jpg,paper,train
trashnet/data/dataset-resized/trash/trash34.jpg,trash,train
trashnet/data/dataset-resized/metal/metal329.jpg,metal,train
trashnet/data/dataset-resized/cardboard/cardboard189.jpg,cardboard,train
trashnet/data/dataset-resized/glass/glass399.jpg,glass,train
trashnet/data/dataset-resized/glass/glass365.jpg,glass,train
trashnet/data/dataset-resized/cardboard/cardboard150.jpg,cardboard,train
trashnet/data/dataset-resized/cardboard/cardboard378.jpg,cardboard,train
trashnet/data/dataset-resized/plastic/plastic81.jpg,plastic,train
trashnet/data/dataset-resized/metal/metal154.jpg,metal,train
trashnet/data/dataset-resized/glass/glass144.jpg,glass,train
trashnet/data/dataset-resized/plastic/plastic55.jpg,plastic,train
trashnet/data/dataset-resized/metal/metal346.jpg,metal,train
trashnet/data/dataset-resized/trash/trash42.jpg,trash,train
trashnet/data/dataset-resized/paper/paper491.jpg,paper,train
trashnet/data/dataset-resized/glass/glass53.jpg,glass,train
trashnet/data/dataset-resized/plastic/plastic20.jpg,plastic,train
trashnet/data/dataset-resized/paper/paper183.jpg,paper,train
trashnet/data/dataset-resized/plastic/plastic248.jpg,plastic,train
trashnet/data/dataset-resized/glass/glass465.jpg,glass,train
trashnet/data/dataset-resized/plastic/plastic58.jpg,plastic,train
trashnet/data/dataset-resized/paper/paper589.jpg,paper,train
trashnet/data/dataset-resized/paper/paper111.jpg,paper,train
trashnet/data/dataset-resized/metal/metal249.jpg,metal,train
trashnet/data/dataset-resized/cardboard/cardboard268.jpg,cardboard,train
trashnet/data/dataset-resized/paper/paper153.jpg,paper,train
trashnet/data/dataset-resized/paper/paper280.jpg,paper,train
trashnet/data/dataset-resized/glass/glass369.jpg,glass,train
trashnet/data/dataset-resized/glass/glass267.jpg,glass,train
trashnet/data/dataset-resized/paper/paper216.jpg,paper,train
trashnet/data/dataset-resized/glass/glass288.jpg,glass,train
trashnet/data/dataset-resized/plastic/plastic363.jpg,plastic,train
trashnet/data/dataset-resized/paper/paper229.jpg,paper,train
trashnet/data/dataset-resized/cardboard/cardboard30.jpg,cardboard,train
trashnet/data/dataset-resized/glass/glass73.jpg,glass,train
trashnet/data/dataset-resized/paper/paper299.jpg,paper,train
trashnet/data/dataset-resized/glass/glass2.jpg,glass,train
trashnet/data/dataset-resized/cardboard/cardboard239.jpg,cardboard,train
trashnet/data/dataset-resized/plastic/plastic163.jpg,plastic,train
trashnet/data/dataset-resized/plastic/plastic164.jpg,plastic,train
trashnet/data/dataset-resized/cardboard/cardboard104.jpg,cardboard,train
trashnet/data/dataset-resized/plastic/plastic202.jpg,plastic,train
trashnet/data/dataset-resized/cardboard/cardboard352.jpg,cardboard,train
trashnet/data/dataset-resized/glass/glass168.jpg,glass,train
trashnet/data/dataset-resized/cardboard/cardboard203.jpg,cardboard,train
trashnet/data/dataset-resized/plastic/plastic326.jpg,plastic,train
trashnet/data/dataset-resized/paper/paper454.jpg,paper,train
trashnet/data/dataset-resized/paper/paper385.jpg,paper,train
trashnet/data/dataset-resized/glass/glass109.jpg,glass,train
trashnet/data/dataset-resized/paper/paper361.jpg,paper,train
trashnet/data/dataset-resized/paper/paper542.jpg,paper,train
trashnet/data/dataset-resized/paper/paper63.jpg,paper,train
trashnet/data/dataset-resized/glass/glass67.jpg,glass,train
trashnet/data/dataset-resized/plastic/plastic84.jpg,plastic,train
trashnet/data/dataset-resized/metal/metal376.jpg,metal,train
trashnet/data/dataset-resized/plastic/plastic300.jpg,plastic,train
trashnet/data/dataset-resized/paper/paper326.jpg,paper,train
trashnet/data/dataset-resized/paper/paper467.jpg,paper,train
trashnet/data/dataset-resized/paper/paper116.jpg,paper,train
trashnet/data/dataset-resized/metal/metal117.jpg,metal,train
trashnet/data/dataset-resized/plastic/plastic49.jpg,plastic,train
trashnet/data/dataset-resized/metal/metal330.jpg,metal,train
trashnet/data/dataset-resized/cardboard/cardboard124.jpg,cardboard,train
trashnet/data/dataset-resized/plastic/plastic232.jpg,plastic,train
trashnet/data/dataset-resized/paper/paper266.jpg,paper,train
trashnet/data/dataset-resized/cardboard/cardboard341.jpg,cardboard,train
trashnet/data/dataset-resized/metal/metal195.jpg,metal,train
trashnet/data/dataset-resized/glass/glass370.jpg,glass,train
trashnet/data/dataset-resized/cardboard/cardboard94.jpg,cardboard,train
trashnet/data/dataset-resized/glass/glass25.jpg,glass,train
trashnet/data/dataset-resized/metal/metal353.jpg,metal,train
trashnet/data/dataset-resized/paper/paper441.jpg,paper,train
trashnet/data/dataset-resized/paper/paper458.jpg,paper,train
trashnet/data/dataset-resized/metal/metal146.jpg,metal,train
trashnet/data/dataset-resized/plastic/plastic343.jpg,plastic,train
trashnet/data/dataset-resized/plastic/plastic383.jpg,plastic,train
trashnet/data/dataset-resized/cardboard/cardboard356.jpg,cardboard,train
trashnet/data/dataset-resized/trash/trash137.jpg,trash,train
trashnet/data/dataset-resized/plastic/plastic48.jpg,plastic,train
trashnet/data/dataset-resized/plastic/plastic342.jpg,plastic,train
trashnet/data/dataset-resized/cardboard/cardboard229.jpg,cardboard,train
trashnet/data/dataset-resized/trash/trash109.jpg,trash,train
trashnet/data/dataset-resized/plastic/plastic196.jpg,plastic,train
trashnet/data/dataset-resized/paper/paper537.jpg,paper,train
trashnet/data/dataset-resized/plastic/plastic102.jpg,plastic,train
trashnet/data/dataset-resized/metal/metal264.jpg,metal,train
trashnet/data/dataset-resized/metal/metal13.jpg,metal,train
trashnet/data/dataset-resized/plastic/plastic434.jpg,plastic,train
trashnet/data/dataset-resized/plastic/plastic457.jpg,plastic,train
trashnet/data/dataset-resized/metal/metal172.jpg,metal,train
trashnet/data/dataset-resized/metal/metal267.jpg,metal,train
trashnet/data/dataset-resized/glass/glass158.jpg,glass,train
trashnet/data/dataset-resized/plastic/plastic397.jpg,plastic,train
trashnet/data/dataset-resized/glass/glass372.jpg,glass,train
trashnet/data/dataset-resized/metal/metal9.jpg,metal,train
trashnet/data/dataset-resized/paper/paper210.jpg,paper,train
trashnet/data/dataset-resized/cardboard/cardboard214.jpg,cardboard,train
trashnet/data/dataset-resized/paper/paper248.jpg,paper,train
trashnet/data/dataset-resized/paper/paper383.jpg,paper,train
trashnet/data/dataset-resized/cardboard/cardboard106.jpg,cardboard,train
trashnet/data/dataset-resized/metal/metal55.jpg,metal,train
trashnet/data/dataset-resized/plastic/plastic456.jpg,plastic,train
trashnet/data/dataset-resized/paper/paper306.jpg,paper,train
trashnet/data/dataset-resized/paper/paper191.jpg,paper,train
trashnet/data/dataset-resized/glass/glass37.jpg,glass,train
trashnet/data/dataset-resized/paper/paper511.jpg,paper,train
trashnet/data/dataset-resized/cardboard/cardboard173.jpg,cardboard,train
trashnet/data/dataset-resized/trash/trash129.jpg,trash,train
trashnet/data/dataset-resized/metal/metal52.jpg,metal,train
trashnet/data/dataset-resized/glass/glass36.jpg,glass,train
trashnet/data/dataset-resized/paper/paper449.jpg,paper,train
trashnet/data/dataset-resized/glass/glass350.jpg,glass,train
trashnet/data/dataset-resized/glass/glass302.jpg,glass,train
trashnet/data/dataset-resized/plastic/plastic358.jpg,plastic,train
trashnet/data/dataset-resized/cardboard/cardboard40.jpg,cardboard,train
trashnet/data/dataset-resized/metal/metal74.jpg,metal,train
trashnet/data/dataset-resized/cardboard/cardboard123.jpg,cardboard,train
trashnet/data/dataset-resized/metal/metal53.jpg,metal,train
trashnet/data/dataset-resized/cardboard/cardboard212.jpg,cardboard,train
trashnet/data/dataset-resized/cardboard/cardboard293.jpg,cardboard,train
trashnet/data/dataset-resized/cardboard/cardboard323.jpg,cardboard,train
trashnet/data/dataset-resized/glass/glass250.jpg,glass,train
trashnet/data/dataset-resized/plastic/plastic18.jpg,plastic,train
trashnet/data/dataset-resized/trash/trash108.jpg,trash,train
trashnet/data/dataset-resized/paper/paper551.jpg,paper,train
trashnet/data/dataset-resized/glass/glass425.jpg,glass,train
trashnet/data/dataset-resized/metal/metal81.jpg,metal,train
trashnet/data/dataset-resized/glass/glass105.jpg,glass,train
trashnet/data/dataset-resized/cardboard/cardboard181.jpg,cardboard,train
trashnet/data/dataset-resized/cardboard/cardboard82.jpg,cardboard,train
trashnet/data/dataset-resized/metal/metal216.jpg,metal,train
trashnet/data/dataset-resized/metal/metal302.jpg,metal,train
trashnet/data/dataset-resized/cardboard/cardboard152.jpg,cardboard,train
trashnet/data/dataset-resized/paper/paper586.jpg,paper,train
trashnet/data/dataset-resized/plastic/plastic194.jpg,plastic,train
trashnet/data/dataset-resized/glass/glass43.jpg,glass,train
trashnet/data/dataset-resized/plastic/plastic27.jpg,plastic,train
trashnet/data/dataset-resized/paper/paper286.jpg,paper,train
trashnet/data/dataset-resized/paper/paper506.jpg,paper,train
trashnet/data/dataset-resized/metal/metal221.jpg,metal,train
trashnet/data/dataset-resized/paper/paper503.jpg,paper,train
trashnet/data/dataset-resized/paper/paper228.jpg,paper,train
trashnet/data/dataset-resized/metal/metal257.jpg,metal,train
trashnet/data/dataset-resized/plastic/plastic256.jpg,plastic,train
trashnet/data/dataset-resized/metal/metal205.jpg,metal,train
trashnet/data/dataset-resized/plastic/plastic183.jpg,plastic,train
trashnet/data/dataset-resized/paper/paper188.jpg,paper,train
trashnet/data/dataset-resized/glass/glass396.jpg,glass,train
trashnet/data/dataset-resized/cardboard/cardboard361.jpg,cardboard,train
trashnet/data/dataset-resized/paper/paper534.jpg,paper,train
trashnet/data/dataset-resized/cardboard/cardboard67.jpg,cardboard,train
trashnet/data/dataset-resized/trash/trash86.jpg,trash,train
trashnet/data/dataset-resized/metal/metal240.jpg,metal,train
trashnet/data/dataset-resized/cardboard/cardboard157.jpg,cardboard,train
trashnet/data/dataset-resized/paper/paper430.jpg,paper,train
trashnet/data/dataset-resized/trash/trash57.jpg,trash,train
trashnet/data/dataset-resized/paper/paper34.jpg,paper,train
trashnet/data/dataset-resized/metal/metal408.jpg,metal,train
trashnet/data/dataset-resized/plastic/plastic427.jpg,plastic,train
trashnet/data/dataset-resized/plastic/plastic309.jpg,plastic,train
trashnet/data/dataset-resized/plastic/plastic371.jpg,plastic,train
trashnet/data/dataset-resized/cardboard/cardboard66.jpg,cardboard,train
trashnet/data/dataset-resized/glass/glass492.jpg,glass,train
trashnet/data/dataset-resized/glass/glass483.jpg,glass,train
trashnet/data/dataset-resized/glass/glass220.jpg,glass,train
trashnet/data/dataset-resized/glass/glass422.jpg,glass,train
trashnet/data/dataset-resized/paper/paper249.jpg,paper,train
trashnet/data/dataset-resized/metal/metal27.jpg,metal,train
trashnet/data/dataset-resized/paper/paper214.jpg,paper,train
trashnet/data/dataset-resized/plastic/plastic212.jpg,plastic,train
trashnet/data/dataset-resized/plastic/plastic357.jpg,plastic,train
trashnet/data/dataset-resized/plastic/plastic113.jpg,plastic,train
trashnet/data/dataset-resized/plastic/plastic144.jpg,plastic,train
trashnet/data/dataset-resized/glass/glass95.jpg,glass,train
trashnet/data/dataset-resized/glass/glass260.jpg,glass,train
trashnet/data/dataset-resized/paper/paper241.jpg,paper,train
trashnet/data/dataset-resized/glass/glass192.jpg,glass,train
trashnet/data/dataset-resized/cardboard/cardboard142.jpg,cardboard,train
trashnet/data/dataset-resized/metal/metal161.jpg,metal,train
trashnet/data/dataset-resized/paper/paper396.jpg,paper,train
trashnet/data/dataset-resized/plastic/plastic51.jpg,plastic,train
trashnet/data/dataset-resized/cardboard/cardboard109.jpg,cardboard,train
trashnet/data/dataset-resized/paper/paper372.jpg,paper,train
trashnet/data/dataset-resized/glass/glass411.jpg,glass,train
trashnet/data/dataset-resized/glass/glass235.jpg,glass,train
trashnet/data/dataset-resized/metal/metal124.jpg,metal,train
trashnet/data/dataset-resized/glass/glass136.jpg,glass,train
trashnet/data/dataset-resized/metal/metal209.jpg,metal,train
trashnet/data/dataset-resized/glass/glass100.jpg,glass,train
trashnet/data/dataset-resized/metal/metal4.jpg,metal,train
trashnet/data/dataset-resized/cardboard/cardboard28.jpg,cardboard,train
trashnet/data/dataset-resized/paper/paper404.jpg,paper,train
trashnet/data/dataset-resized/plastic/plastic219.jpg,plastic,train
trashnet/data/dataset-resized/metal/metal43.jpg,metal,train
trashnet/data/dataset-resized/paper/paper257.jpg,paper,train
trashnet/data/dataset-resized/cardboard/cardboard139.jpg,cardboard,train
trashnet/data/dataset-resized/paper/paper573.jpg,paper,train
trashnet/data/dataset-resized/cardboard/cardboard226.jpg,cardboard,train
trashnet/data/dataset-resized/glass/glass278.jpg,glass,train
trashnet/data/dataset-resized/cardboard/cardboard1.jpg,cardboard,train
trashnet/data/dataset-resized/plastic/plastic431.jpg,plastic,train
trashnet/data/dataset-resized/glass/glass254.jpg,glass,train
trashnet/data/dataset-resized/metal/metal200.jpg,metal,train
trashnet/data/dataset-resized/glass/glass57.jpg,glass,train
trashnet/data/dataset-resized/glass/glass149.jpg,glass,train
trashnet/data/dataset-resized/glass/glass307.jpg,glass,train
trashnet/data/dataset-resized/paper/paper134.jpg,paper,train
trashnet/data/dataset-resized/paper/paper535.jpg,paper,train
trashnet/data/dataset-resized/cardboard/cardboard174.jpg,cardboard,train
trashnet/data/dataset-resized/plastic/plastic31.jpg,plastic,train
trashnet/data/dataset-resized/paper/paper579.jpg,paper,train
trashnet/data/dataset-resized/plastic/plastic315.jpg,plastic,train
trashnet/data/dataset-resized/glass/glass405.jpg,glass,train
trashnet/data/dataset-resized/glass/glass226.jpg,glass,train
trashnet/data/dataset-resized/plastic/plastic298.jpg,plastic,train
trashnet/data/dataset-resized/metal/metal299.jpg,metal,train
trashnet/data/dataset-resized/cardboard/cardboard24.jpg,cardboard,train
trashnet/data/dataset-resized/plastic/plastic288.jpg,plastic,train
trashnet/data/dataset-resized/cardboard/cardboard315.jpg,cardboard,train
trashnet/data/dataset-resized/glass/glass46.jpg,glass,train
trashnet/data/dataset-resized/metal/metal180.jpg,metal,train
trashnet/data/dataset-resized/plastic/plastic331.jpg,plastic,train
trashnet/data/dataset-resized/paper/paper555.jpg,paper,train
trashnet/data/dataset-resized/plastic/plastic158.jpg,plastic,train
trashnet/data/dataset-resized/cardboard/cardboard394.jpg,cardboard,train
trashnet/data/dataset-resized/plastic/plastic346.jpg,plastic,train
trashnet/data/dataset-resized/plastic/plastic26.jpg,plastic,train
trashnet/data/dataset-resized/glass/glass324.jpg,glass,train
trashnet/data/dataset-resized/trash/trash98.jpg,trash,train
trashnet/data/dataset-resized/metal/metal138.jpg,metal,train
trashnet/data/dataset-resized/paper/paper392.jpg,paper,train
trashnet/data/dataset-resized/metal/metal227.jpg,metal,train
trashnet/data/dataset-resized/cardboard/cardboard88.jpg,cardboard,train
trashnet/data/dataset-resized/paper/paper166.jpg,paper,train
trashnet/data/dataset-resized/paper/paper35.jpg,paper,train
trashnet/data/dataset-resized/paper/paper233.jpg,paper,train
trashnet/data/dataset-resized/paper/paper459.jpg,paper,train
trashnet/data/dataset-resized/plastic/plastic190.jpg,plastic,train
trashnet/data/dataset-resized/cardboard/cardboard11.jpg,cardboard,train
trashnet/data/dataset-resized/cardboard/cardboard318.jpg,cardboard,train
trashnet/data/dataset-resized/plastic/plastic160.jpg,plastic,train
trashnet/data/dataset-resized/paper/paper71.jpg,paper,train
trashnet/data/dataset-resized/metal/metal321.jpg,metal,train
trashnet/data/dataset-resized/cardboard/cardboard85.jpg,cardboard,train
trashnet/data/dataset-resized/cardboard/cardboard14.jpg,cardboard,train
trashnet/data/dataset-resized/plastic/plastic443.jpg,plastic,train
trashnet/data/dataset-resized/cardboard/cardboard233.jpg,cardboard,train
trashnet/data/dataset-resized/metal/metal191.jpg,metal,train
trashnet/data/dataset-resized/glass/glass417.jpg,glass,train
trashnet/data/dataset-resized/plastic/plastic126.jpg,plastic,train
trashnet/data/dataset-resized/cardboard/cardboard91.jpg,cardboard,train
trashnet/data/dataset-resized/plastic/plastic279.jpg,plastic,train
trashnet/data/dataset-resized/metal/metal1.jpg,metal,train
trashnet/data/dataset-resized/plastic/plastic282.jpg,plastic,train
trashnet/data/dataset-resized/plastic/plastic365.jpg,plastic,train
trashnet/data/dataset-resized/plastic/plastic323.jpg,plastic,train
trashnet/data/dataset-resized/paper/paper212.jpg,paper,train
trashnet/data/dataset-resized/plastic/plastic115.jpg,plastic,train
trashnet/data/dataset-resized/glass/glass15.jpg,glass,train
trashnet/data/dataset-resized/cardboard/cardboard228.jpg,cardboard,train
trashnet/data/dataset-resized/metal/metal45.jpg,metal,train
trashnet/data/dataset-resized/cardboard/cardboard200.jpg,cardboard,train
trashnet/data/dataset-resized/metal/metal349.jpg,metal,train
trashnet/data/dataset-resized/cardboard/cardboard258.jpg,cardboard,train
trashnet/data/dataset-resized/paper/paper98.jpg,paper,train
trashnet/data/dataset-resized/trash/trash94.jpg,trash,train
trashnet/data/dataset-resized/paper/paper24.jpg,paper,train
trashnet/data/dataset-resized/paper/paper131.jpg,paper,train
trashnet/data/dataset-resized/cardboard/cardboard61.jpg,cardboard,train
trashnet/data/dataset-resized/glass/glass164.jpg,glass,train
trashnet/data/dataset-resized/paper/paper201.jpg,paper,train
trashnet/data/dataset-resized/plastic/plastic174.jpg,plastic,train
trashnet/data/dataset-resized/paper/paper530.jpg,paper,train
trashnet/data/dataset-resized/paper/paper433.jpg,paper,train
trashnet/data/dataset-resized/glass/glass54.jpg,glass,train
trashnet/data/dataset-resized/glass/glass64.jpg,glass,train
trashnet/data/dataset-resized/paper/paper139.jpg,paper,train
trashnet/data/dataset-resized/plastic/plastic93.jpg,plastic,train
trashnet/data/dataset-resized/paper/paper341.jpg,paper,train
trashnet/data/dataset-resized/paper/paper197.jpg,paper,train
trashnet/data/dataset-resized/plastic/plastic310.jpg,plastic,train
trashnet/data/dataset-resized/cardboard/cardboard401.jpg,cardboard,train
trashnet/data/dataset-resized/paper/paper419.jpg,paper,train
trashnet/data/dataset-resized/glass/glass171.jpg,glass,train
trashnet/data/dataset-resized/glass/glass312.jpg,glass,train
trashnet/data/dataset-resized/glass/glass21.jpg,glass,train
trashnet/data/dataset-resized/metal/metal294.jpg,metal,train
trashnet/data/dataset-resized/paper/paper145.jpg,paper,train
trashnet/data/dataset-resized/paper/paper527.jpg,paper,train
trashnet/data/dataset-resized/paper/paper184.jpg,paper,train
trashnet/data/dataset-resized/paper/paper79.jpg,paper,train
trashnet/data/dataset-resized/plastic/plastic468.jpg,plastic,train
trashnet/data/dataset-resized/glass/glass308.jpg,glass,train
trashnet/data/dataset-resized/plastic/plastic435.jpg,plastic,train
trashnet/data/dataset-resized/trash/trash97.jpg,trash,train
trashnet/data/dataset-resized/cardboard/cardboard254.jpg,cardboard,train
trashnet/data/dataset-resized/paper/paper219.jpg,paper,train
trashnet/data/dataset-resized/cardboard/cardboard381.jpg,cardboard,train
trashnet/data/dataset-resized/cardboard/cardboard374.jpg,cardboard,train
trashnet/data/dataset-resized/plastic/plastic378.jpg,plastic,train
trashnet/data/dataset-resized/paper/paper465.jpg,paper,train
trashnet/data/dataset-resized/paper/paper518.jpg,paper,train
trashnet/data/dataset-resized/paper/paper536.jpg,paper,train
trashnet/data/dataset-resized/trash/trash28.jpg,trash,train
trashnet/data/dataset-resized/glass/glass227.jpg,glass,train
trashnet/data/dataset-resized/cardboard/cardboard351.jpg,cardboard,train
trashnet/data/dataset-resized/glass/glass441.jpg,glass,train
trashnet/data/dataset-resized/trash/trash8.jpg,trash,train
trashnet/data/dataset-resized/plastic/plastic211.jpg,plastic,train
trashnet/data/dataset-resized/metal/metal317.jpg,metal,train
trashnet/data/dataset-resized/metal/metal64.jpg,metal,train
trashnet/data/dataset-resized/glass/glass400.jpg,glass,train
trashnet/data/dataset-resized/metal/metal244.jpg,metal,train
trashnet/data/dataset-resized/glass/glass65.jpg,glass,train
trashnet/data/dataset-resized/glass/glass203.jpg,glass,train
trashnet/data/dataset-resized/metal/metal100.jpg,metal,train
trashnet/data/dataset-resized/metal/metal243.jpg,metal,train
trashnet/data/dataset-resized/paper/paper59.jpg,paper,train
trashnet/data/dataset-resized/plastic/plastic86.jpg,plastic,train
trashnet/data/dataset-resized/cardboard/cardboard154.jpg,cardboard,train
trashnet/data/dataset-resized/glass/glass129.jpg,glass,train
trashnet/data/dataset-resized/metal/metal26.jpg,metal,train
trashnet/data/dataset-resized/metal/metal183.jpg,metal,train
trashnet/data/dataset-resized/metal/metal342.jpg,metal,train
trashnet/data/dataset-resized/plastic/plastic387.jpg,plastic,train
trashnet/data/dataset-resized/metal/metal297.jpg,metal,train
trashnet/data/dataset-resized/paper/paper545.jpg,paper,train
trashnet/data/dataset-resized/trash/trash66.jpg,trash,train
trashnet/data/dataset-resized/metal/metal61.jpg,metal,train
trashnet/data/dataset-resized/paper/paper309.jpg,paper,train
trashnet/data/dataset-resized/plastic/plastic454.jpg,plastic,train
trashnet/data/dataset-resized/metal/metal160.jpg,metal,train
trashnet/data/dataset-resized/plastic/plastic240.jpg,plastic,train
trashnet/data/dataset-resized/cardboard/cardboard393.jpg,cardboard,train
trashnet/data/dataset-resized/paper/paper252.jpg,paper,train
trashnet/data/dataset-resized/metal/metal275.jpg,metal,train
trashnet/data/dataset-resized/paper/paper471.jpg,paper,train
trashnet/data/dataset-resized/plastic/plastic469.jpg,plastic,train
trashnet/data/dataset-resized/glass/glass48.jpg,glass,train
trashnet/data/dataset-resized/metal/metal258.jpg,metal,train
trashnet/data/dataset-resized/plastic/plastic159.jpg,plastic,train
trashnet/data/dataset-resized/paper/paper190.jpg,paper,train
trashnet/data/dataset-resized/glass/glass466.jpg,glass,train
trashnet/data/dataset-resized/metal/metal187.jpg,metal,train
trashnet/data/dataset-resized/paper/paper483.jpg,paper,train
trashnet/data/dataset-resized/paper/paper504.jpg,paper,train
trashnet/data/dataset-resized/glass/glass94.jpg,glass,train
trashnet/data/dataset-resized/metal/metal193.jpg,metal,train
trashnet/data/dataset-resized/metal/metal223.jpg,metal,train
trashnet/data/dataset-resized/paper/paper423.jpg,paper,train
trashnet/data/dataset-resized/paper/paper344.jpg,paper,train
trashnet/data/dataset-resized/paper/paper569.jpg,paper,train
trashnet/data/dataset-resized/paper/paper90.jpg,paper,train
trashnet/data/dataset-resized/glass/glass91.jpg,glass,train
trashnet/data/dataset-resized/paper/paper158.jpg,paper,train
trashnet/data/dataset-resized/cardboard/cardboard288.jpg,cardboard,train
trashnet/data/dataset-resized/glass/glass257.jpg,glass,train
trashnet/data/dataset-resized/metal/metal152.jpg,metal,train
trashnet/data/dataset-resized/cardboard/cardboard6.jpg,cardboard,train
trashnet/data/dataset-resized/trash/trash85.jpg,trash,train
trashnet/data/dataset-resized/plastic/plastic47.jpg,plastic,train
trashnet/data/dataset-resized/glass/glass157.jpg,glass,train
trashnet/data/dataset-resized/glass/glass353.jpg,glass,train
trashnet/data/dataset-resized/paper/paper302.jpg,paper,train
trashnet/data/dataset-resized/glass/glass500.jpg,glass,train
trashnet/data/dataset-resized/glass/glass319.jpg,glass,train
trashnet/data/dataset-resized/plastic/plastic476.jpg,plastic,train
trashnet/data/dataset-resized/plastic/plastic375.jpg,plastic,train
trashnet/data/dataset-resized/plastic/plastic249.jpg,plastic,train
trashnet/data/dataset-resized/cardboard/cardboard343.jpg,cardboard,train
trashnet/data/dataset-resized/trash/trash20.jpg,trash,train
trashnet/data/dataset-resized/metal/metal204.jpg,metal,train
trashnet/data/dataset-resized/cardboard/cardboard36.jpg,cardboard,train
trashnet/data/dataset-resized/glass/glass348.jpg,glass,train
trashnet/data/dataset-resized/glass/glass331.jpg,glass,train
trashnet/data/dataset-resized/metal/metal185.jpg,metal,train
trashnet/data/dataset-resized/metal/metal369.jpg,metal,train
trashnet/data/dataset-resized/metal/metal33.jpg,metal,train
trashnet/data/dataset-resized/paper/paper425.jpg,paper,train
trashnet/data/dataset-resized/plastic/plastic166.jpg,plastic,train
trashnet/data/dataset-resized/paper/paper559.jpg,paper,train
trashnet/data/dataset-resized/glass/glass224.jpg,glass,train
trashnet/data/dataset-resized/cardboard/cardboard195.jpg,cardboard,train
trashnet/data/dataset-resized/paper/paper176.jpg,paper,train
trashnet/data/dataset-resized/metal/metal132.jpg,metal,train
trashnet/data/dataset-resized/paper/paper162.jpg,paper,train
trashnet/data/dataset-resized/metal/metal17.jpg,metal,train
trashnet/data/dataset-resized/glass/glass132.jpg,glass,train
trashnet/data/dataset-resized/plastic/plastic257.jpg,plastic,train
trashnet/data/dataset-resized/plastic/plastic255.jpg,plastic,train
trashnet/data/dataset-resized/metal/metal357.jpg,metal,train
trashnet/data/dataset-resized/metal/metal254.jpg,metal,train
trashnet/data/dataset-resized/paper/paper381.jpg,paper,train
trashnet/data/dataset-resized/trash/trash102.jpg,trash,train
trashnet/data/dataset-resized/metal/metal332.jpg,metal,train
trashnet/data/dataset-resized/glass/glass165.jpg,glass,train
trashnet/data/dataset-resized/trash/trash32.jpg,trash,train
trashnet/data/dataset-resized/glass/glass98.jpg,glass,train
trashnet/data/dataset-resized/paper/paper390.jpg,paper,train
trashnet/data/dataset-resized/glass/glass213.jpg,glass,train
trashnet/data/dataset-resized/metal/metal107.jpg,metal,train
trashnet/data/dataset-resized/paper/paper97.jpg,paper,train
trashnet/data/dataset-resized/trash/trash16.jpg,trash,train
trashnet/data/dataset-resized/cardboard/cardboard349.jpg,cardboard,train
trashnet/data/dataset-resized/metal/metal127.jpg,metal,train
trashnet/data/dataset-resized/metal/metal287.jpg,metal,train
trashnet/data/dataset-resized/paper/paper301.jpg,paper,train
trashnet/data/dataset-resized/trash/trash17.jpg,trash,train
trashnet/data/dataset-resized/paper/paper230.jpg,paper,train
trashnet/data/dataset-resized/plastic/plastic394.jpg,plastic,train
trashnet/data/dataset-resized/plastic/plastic24.jpg,plastic,train
trashnet/data/dataset-resized/trash/trash41.jpg,trash,train
trashnet/data/dataset-resized/cardboard/cardboard198.jpg,cardboard,train
trashnet/data/dataset-resized/glass/glass81.jpg,glass,train
trashnet/data/dataset-resized/paper/paper221.jpg,paper,train
trashnet/data/dataset-resized/cardboard/cardboard39.jpg,cardboard,train
trashnet/data/dataset-resized/trash/trash115.jpg,trash,train
trashnet/data/dataset-resized/glass/glass456.jpg,glass,train
trashnet/data/dataset-resized/paper/paper104.jpg,paper,train
trashnet/data/dataset-resized/cardboard/cardboard48.jpg,cardboard,train
trashnet/data/dataset-resized/metal/metal8.jpg,metal,train
trashnet/data/dataset-resized/paper/paper5.jpg,paper,train
trashnet/data/dataset-resized/trash/trash43.jpg,trash,train
trashnet/data/dataset-resized/glass/glass29.jpg,glass,train
trashnet/data/dataset-resized/metal/metal88.jpg,metal,train
trashnet/data/dataset-resized/plastic/plastic214.jpg,plastic,train
trashnet/data/dataset-resized/paper/paper457.jpg,paper,train
trashnet/data/dataset-resized/cardboard/cardboard56.jpg,cardboard,train
trashnet/data/dataset-resized/glass/glass337.jpg,glass,train
trashnet/data/dataset-resized/paper/paper440.jpg,paper,train
trashnet/data/dataset-resized/plastic/plastic299.jpg,plastic,train
trashnet/data/dataset-resized/paper/paper289.jpg,paper,train
trashnet/data/dataset-resized/plastic/plastic205.jpg,plastic,train
trashnet/data/dataset-resized/plastic/plastic472.jpg,plastic,train
trashnet/data/dataset-resized/plastic/plastic322.jpg,plastic,train
trashnet/data/dataset-resized/glass/glass202.jpg,glass,train
trashnet/data/dataset-resized/metal/metal238.jpg,metal,train
trashnet/data/dataset-resized/cardboard/cardboard74.jpg,cardboard,train
trashnet/data/dataset-resized/cardboard/cardboard167.jpg,cardboard,train
trashnet/data/dataset-resized/paper/paper448.jpg,paper,train
trashnet/data/dataset-resized/metal/metal291.jpg,metal,train
trashnet/data/dataset-resized/glass/glass212.jpg,glass,train
trashnet/data/dataset-resized/cardboard/cardboard338.jpg,cardboard,train
trashnet/data/dataset-resized/metal/metal125.jpg,metal,train
trashnet/data/dataset-resized/plastic/plastic61.jpg,plastic,train
trashnet/data/dataset-resized/cardboard/cardboard187.jpg,cardboard,train
trashnet/data/dataset-resized/cardboard/cardboard90.jpg,cardboard,train
trashnet/data/dataset-resized/cardboard/cardboard115.jpg,cardboard,train
trashnet/data/dataset-resized/glass/glass381.jpg,glass,train
trashnet/data/dataset-resized/glass/glass108.jpg,glass,train
trashnet/data/dataset-resized/glass/glass401.jpg,glass,train
trashnet/data/dataset-resized/glass/glass490.jpg,glass,train
trashnet/data/dataset-resized/plastic/plastic269.jpg,plastic,train
trashnet/data/dataset-resized/metal/metal168.jpg,metal,train
trashnet/data/dataset-resized/plastic/plastic246.jpg,plastic,train
trashnet/data/dataset-resized/glass/glass216.jpg,glass,train
trashnet/data/dataset-resized/glass/glass222.jpg,glass,train
trashnet/data/dataset-resized/glass/glass181.jpg,glass,train
trashnet/data/dataset-resized/cardboard/cardboard253.jpg,cardboard,train
trashnet/data/dataset-resized/cardboard/cardboard251.jpg,cardboard,train
trashnet/data/dataset-resized/metal/metal10.jpg,metal,train
trashnet/data/dataset-resized/metal/metal111.jpg,metal,train
trashnet/data/dataset-resized/cardboard/cardboard336.jpg,cardboard,train
trashnet/data/dataset-resized/cardboard/cardboard294.jpg,cardboard,train
trashnet/data/dataset-resized/paper/paper490.jpg,paper,train
trashnet/data/dataset-resized/paper/paper477.jpg,paper,train
trashnet/data/dataset-resized/plastic/plastic143.jpg,plastic,train
trashnet/data/dataset-resized/cardboard/cardboard227.jpg,cardboard,train
trashnet/data/dataset-resized/metal/metal282.jpg,metal,train
trashnet/data/dataset-resized/glass/glass374.jpg,glass,train
trashnet/data/dataset-resized/plastic/plastic332.jpg,plastic,train
trashnet/data/dataset-resized/plastic/plastic127.jpg,plastic,train
trashnet/data/dataset-resized/metal/metal375.jpg,metal,train
trashnet/data/dataset-resized/cardboard/cardboard69.jpg,cardboard,train
trashnet/data/dataset-resized/glass/glass459.jpg,glass,train
trashnet/data/dataset-resized/plastic/plastic128.jpg,plastic,train
trashnet/data/dataset-resized/metal/metal142.jpg,metal,train
trashnet/data/dataset-resized/glass/glass89.jpg,glass,train
trashnet/data/dataset-resized/plastic/plastic15.jpg,plastic,train
trashnet/data/dataset-resized/glass/glass10.jpg,glass,train
trashnet/data/dataset-resized/trash/trash65.jpg,trash,train
trashnet/data/dataset-resized/glass/glass114.jpg,glass,train
trashnet/data/dataset-resized/plastic/plastic263.jpg,plastic,train
trashnet/data/dataset-resized/paper/paper515.jpg,paper,train
trashnet/data/dataset-resized/glass/glass150.jpg,glass,train
trashnet/data/dataset-resized/cardboard/cardboard191.jpg,cardboard,train
trashnet/data/dataset-resized/plastic/plastic404.jpg,plastic,train
trashnet/data/dataset-resized/plastic/plastic176.jpg,plastic,train
trashnet/data/dataset-resized/glass/glass486.jpg,glass,train
trashnet/data/dataset-resized/glass/glass412.jpg,glass,train
trashnet/data/dataset-resized/glass/glass371.jpg,glass,train
trashnet/data/dataset-resized/glass/glass351.jpg,glass,train
trashnet/data/dataset-resized/paper/paper167.jpg,paper,train
trashnet/data/dataset-resized/paper/paper505.jpg,paper,train
trashnet/data/dataset-resized/trash/trash31.jpg,trash,train
trashnet/data/dataset-resized/paper/paper568.jpg,paper,train
trashnet/data/dataset-resized/plastic/plastic104.jpg,plastic,train
trashnet/data/dataset-resized/plastic/plastic285.jpg,plastic,train
trashnet/data/dataset-resized/cardboard/cardboard242.jpg,cardboard,train
trashnet/data/dataset-resized/metal/metal372.jpg,metal,train
trashnet/data/dataset-resized/trash/trash5.jpg,trash,train
trashnet/data/dataset-resized/plastic/plastic192.jpg,plastic,train
trashnet/data/dataset-resized/plastic/plastic95.jpg,plastic,train
trashnet/data/dataset-resized/paper/paper355.jpg,paper,train
trashnet/data/dataset-resized/paper/paper179.jpg,paper,train
trashnet/data/dataset-resized/paper/paper231.jpg,paper,train
trashnet/data/dataset-resized/paper/paper255.jpg,paper,train
trashnet/data/dataset-resized/trash/trash3.jpg,trash,train
trashnet/data/dataset-resized/trash/trash22.jpg,trash,train
trashnet/data/dataset-resized/paper/paper406.jpg,paper,train
trashnet/data/dataset-resized/plastic/plastic301.jpg,plastic,train
trashnet/data/dataset-resized/paper/paper422.jpg,paper,train
trashnet/data/dataset-resized/metal/metal337.jpg,metal,train
trashnet/data/dataset-resized/cardboard/cardboard16.jpg,cardboard,train
trashnet/data/dataset-resized/metal/metal263.jpg,metal,train
trashnet/data/dataset-resized/paper/paper195.jpg,paper,train
trashnet/data/dataset-resized/paper/paper416.jpg,paper,train
trashnet/data/dataset-resized/metal/metal12.jpg,metal,train
trashnet/data/dataset-resized/metal/metal21.jpg,metal,train
trashnet/data/dataset-resized/metal/metal24.jpg,metal,train
trashnet/data/dataset-resized/paper/paper480.jpg,paper,train
trashnet/data/dataset-resized/plastic/plastic120.jpg,plastic,train
trashnet/data/dataset-resized/cardboard/cardboard202.jpg,cardboard,train
trashnet/data/dataset-resized/glass/glass256.jpg,glass,train
trashnet/data/dataset-resized/metal/metal283.jpg,metal,train
trashnet/data/dataset-resized/paper/paper305.jpg,paper,train
trashnet/data/dataset-resized/paper/paper512.jpg,paper,train
trashnet/data/dataset-resized/metal/metal399.jpg,metal,train
trashnet/data/dataset-resized/paper/paper152.jpg,paper,train
trashnet/data/dataset-resized/glass/glass61.jpg,glass,train
trashnet/data/dataset-resized/paper/paper185.jpg,paper,train
trashnet/data/dataset-resized/glass/glass23.jpg,glass,train
trashnet/data/dataset-resized/metal/metal199.jpg,metal,train
trashnet/data/dataset-resized/glass/glass437.jpg,glass,train
trashnet/data/dataset-resized/cardboard/cardboard281.jpg,cardboard,train
trashnet/data/dataset-resized/cardboard/cardboard263.jpg,cardboard,train
trashnet/data/dataset-resized/paper/paper493.jpg,paper,train
trashnet/data/dataset-resized/plastic/plastic101.jpg,plastic,train
trashnet/data/dataset-resized/cardboard/cardboard131.jpg,cardboard,train
trashnet/data/dataset-resized/metal/metal163.jpg,metal,train
trashnet/data/dataset-resized/paper/paper181.jpg,paper,train
trashnet/data/dataset-resized/paper/paper287.jpg,paper,train
trashnet/data/dataset-resized/paper/paper51.jpg,paper,train
trashnet/data/dataset-resized/plastic/plastic80.jpg,plastic,train
trashnet/data/dataset-resized/trash/trash73.jpg,trash,train
trashnet/data/dataset-resized/trash/trash130.jpg,trash,train
trashnet/data/dataset-resized/cardboard/cardboard162.jpg,cardboard,train
trashnet/data/dataset-resized/plastic/plastic414.jpg,plastic,train
trashnet/data/dataset-resized/trash/trash131.jpg,trash,train
trashnet/data/dataset-resized/glass/glass9.jpg,glass,train
trashnet/data/dataset-resized/cardboard/cardboard267.jpg,cardboard,train
trashnet/data/dataset-resized/plastic/plastic338.jpg,plastic,train
trashnet/data/dataset-resized/paper/paper62.jpg,paper,train
trashnet/data/dataset-resized/cardboard/cardboard171.jpg,cardboard,train
trashnet/data/dataset-resized/cardboard/cardboard92.jpg,cardboard,train
trashnet/data/dataset-resized/metal/metal220.jpg,metal,train
trashnet/data/dataset-resized/paper/paper358.jpg,paper,train
trashnet/data/dataset-resized/plastic/plastic340.jpg,plastic,train
trashnet/data/dataset-resized/paper/paper513.jpg,paper,train
trashnet/data/dataset-resized/paper/paper95.jpg,paper,train
trashnet/data/dataset-resized/glass/glass349.jpg,glass,train
trashnet/data/dataset-resized/trash/trash53.jpg,trash,train
trashnet/data/dataset-resized/glass/glass32.jpg,glass,train
trashnet/data/dataset-resized/metal/metal82.jpg,metal,train
trashnet/data/dataset-resized/cardboard/cardboard10.jpg,cardboard,train
trashnet/data/dataset-resized/metal/metal32.jpg,metal,train
trashnet/data/dataset-resized/cardboard/cardboard384.jpg,cardboard,train
trashnet/data/dataset-resized/cardboard/cardboard398.jpg,cardboard,train
trashnet/data/dataset-resized/paper/paper245.jpg,paper,train
trashnet/data/dataset-resized/metal/metal58.jpg,metal,train
trashnet/data/dataset-resized/glass/glass190.jpg,glass,train
trashnet/data/dataset-resized/paper/paper284.jpg,paper,train
trashnet/data/dataset-resized/metal/metal114.jpg,metal,train
trashnet/data/dataset-resized/cardboard/cardboard236.jpg,cardboard,train
trashnet/data/dataset-resized/metal/metal73.jpg,metal,train
trashnet/data/dataset-resized/plastic/plastic319.jpg,plastic,train
trashnet/data/dataset-resized/trash/trash64.jpg,trash,train
trashnet/data/dataset-resized/paper/paper44.jpg,paper,train
trashnet/data/dataset-resized/paper/paper14.jpg,paper,train
trashnet/data/dataset-resized/metal/metal312.jpg,metal,train
trashnet/data/dataset-resized/trash/trash116.jpg,trash,train
trashnet/data/dataset-resized/glass/glass128.jpg,glass,train
trashnet/data/dataset-resized/plastic/plastic334.jpg,plastic,train
trashnet/data/dataset-resized/cardboard/cardboard249.jpg,cardboard,train
trashnet/data/dataset-resized/cardboard/cardboard180.jpg,cardboard,train
trashnet/data/dataset-resized/cardboard/cardboard132.jpg,cardboard,train
trashnet/data/dataset-resized/metal/metal241.jpg,metal,train
trashnet/data/dataset-resized/paper/paper182.jpg,paper,train
trashnet/data/dataset-resized/plastic/plastic148.jpg,plastic,train
trashnet/data/dataset-resized/glass/glass444.jpg,glass,train
trashnet/data/dataset-resized/cardboard/cardboard166.jpg,cardboard,train
trashnet/data/dataset-resized/metal/metal396.jpg,metal,train
trashnet/data/dataset-resized/metal/metal410.jpg,metal,train
trashnet/data/dataset-resized/plastic/plastic306.jpg,plastic,train
trashnet/data/dataset-resized/cardboard/cardboard296.jpg,cardboard,train
trashnet/data/dataset-resized/paper/paper311.jpg,paper,train
trashnet/data/dataset-resized/paper/paper539.jpg,paper,train
trashnet/data/dataset-resized/metal/metal150.jpg,metal,train
trashnet/data/dataset-resized/glass/glass107.jpg,glass,train
trashnet/data/dataset-resized/trash/trash69.jpg,trash,train
trashnet/data/dataset-resized/paper/paper399.jpg,paper,train
trashnet/data/dataset-resized/glass/glass438.jpg,glass,train
trashnet/data/dataset-resized/trash/trash26.jpg,trash,train
trashnet/data/dataset-resized/metal/metal255.jpg,metal,train
trashnet/data/dataset-resized/plastic/plastic475.jpg,plastic,train
trashnet/data/dataset-resized/plastic/plastic180.jpg,plastic,train
trashnet/data/dataset-resized/paper/paper376.jpg,paper,train
trashnet/data/dataset-resized/glass/glass464.jpg,glass,train
trashnet/data/dataset-resized/plastic/plastic425.jpg,plastic,train
trashnet/data/dataset-resized/glass/glass332.jpg,glass,train
trashnet/data/dataset-resized/plastic/plastic287.jpg,plastic,train
trashnet/data/dataset-resized/glass/glass139.jpg,glass,train
trashnet/data/dataset-resized/plastic/plastic302.jpg,plastic,train
trashnet/data/dataset-resized/metal/metal212.jpg,metal,train
trashnet/data/dataset-resized/trash/trash70.jpg,trash,train
trashnet/data/dataset-resized/plastic/plastic348.jpg,plastic,train
trashnet/data/dataset-resized/cardboard/cardboard324.jpg,cardboard,train
trashnet/data/dataset-resized/metal/metal247.jpg,metal,train
trashnet/data/dataset-resized/plastic/plastic478.jpg,plastic,train
trashnet/data/dataset-resized/metal/metal405.jpg,metal,train
trashnet/data/dataset-resized/cardboard/cardboard359.jpg,cardboard,train
trashnet/data/dataset-resized/paper/paper557.jpg,paper,train
trashnet/data/dataset-resized/cardboard/cardboard302.jpg,cardboard,train
trashnet/data/dataset-resized/plastic/plastic76.jpg,plastic,train
trashnet/data/dataset-resized/plastic/plastic369.jpg,plastic,train
trashnet/data/dataset-resized/paper/paper283.jpg,paper,train
trashnet/data/dataset-resized/paper/paper6.jpg,paper,train
trashnet/data/dataset-resized/glass/glass356.jpg,glass,train
trashnet/data/dataset-resized/plastic/plastic239.jpg,plastic,train
trashnet/data/dataset-resized/plastic/plastic260.jpg,plastic,train
trashnet/data/dataset-resized/paper/paper307.jpg,paper,train
trashnet/data/dataset-resized/paper/paper354.jpg,paper,train
trashnet/data/dataset-resized/paper/paper453.jpg,paper,train
trashnet/data/dataset-resized/glass/glass199.jpg,glass,train
trashnet/data/dataset-resized/glass/glass49.jpg,glass,train
trashnet/data/dataset-resized/plastic/plastic377.jpg,plastic,train
trashnet/data/dataset-resized/paper/paper400.jpg,paper,train
trashnet/data/dataset-resized/glass/glass237.jpg,glass,train
trashnet/data/dataset-resized/glass/glass463.jpg,glass,train
trashnet/data/dataset-resized/trash/trash40.jpg,trash,train
trashnet/data/dataset-resized/metal/metal78.jpg,metal,train
trashnet/data/dataset-resized/cardboard/cardboard54.jpg,cardboard,train
trashnet/data/dataset-resized/paper/paper57.jpg,paper,train
trashnet/data/dataset-resized/glass/glass130.jpg,glass,train
trashnet/data/dataset-resized/plastic/plastic444.jpg,plastic,train
trashnet/data/dataset-resized/plastic/plastic304.jpg,plastic,train
trashnet/data/dataset-resized/plastic/plastic221.jpg,plastic,train
trashnet/data/dataset-resized/glass/glass368.jpg,glass,train
trashnet/data/dataset-resized/cardboard/cardboard71.jpg,cardboard,train
trashnet/data/dataset-resized/paper/paper336.jpg,paper,train
trashnet/data/dataset-resized/cardboard/cardboard197.jpg,cardboard,train
trashnet/data/dataset-resized/paper/paper22.jpg,paper,train
trashnet/data/dataset-resized/glass/glass461.jpg,glass,train
trashnet/data/dataset-resized/plastic/plastic445.jpg,plastic,train
trashnet/data/dataset-resized/metal/metal261.jpg,metal,train
trashnet/data/dataset-resized/paper/paper350.jpg,paper,train
trashnet/data/dataset-resized/plastic/plastic459.jpg,plastic,train
trashnet/data/dataset-resized/metal/metal143.jpg,metal,train
trashnet/data/dataset-resized/glass/glass284.jpg,glass,train
trashnet/data/dataset-resized/cardboard/cardboard87.jpg,cardboard,train
trashnet/data/dataset-resized/glass/glass12.jpg,glass,train
trashnet/data/dataset-resized/glass/glass310.jpg,glass,train
trashnet/data/dataset-resized/paper/paper288.jpg,paper,train
trashnet/data/dataset-resized/plastic/plastic136.jpg,plastic,train
trashnet/data/dataset-resized/metal/metal105.jpg,metal,train
trashnet/data/dataset-resized/cardboard/cardboard332.jpg,cardboard,train
trashnet/data/dataset-resized/plastic/plastic53.jpg,plastic,train
trashnet/data/dataset-resized/glass/glass487.jpg,glass,train
trashnet/data/dataset-resized/plastic/plastic213.jpg,plastic,train
trashnet/data/dataset-resized/paper/paper177.jpg,paper,train
trashnet/data/dataset-resized/cardboard/cardboard205.jpg,cardboard,train
trashnet/data/dataset-resized/cardboard/cardboard114.jpg,cardboard,train
trashnet/data/dataset-resized/trash/trash11.jpg,trash,train
trashnet/data/dataset-resized/plastic/plastic149.jpg,plastic,train
trashnet/data/dataset-resized/glass/glass433.jpg,glass,train
trashnet/data/dataset-resized/metal/metal165.jpg,metal,train
trashnet/data/dataset-resized/paper/paper420.jpg,paper,train
trashnet/data/dataset-resized/glass/glass435.jpg,glass,train
trashnet/data/dataset-resized/cardboard/cardboard255.jpg,cardboard,train
trashnet/data/dataset-resized/cardboard/cardboard176.jpg,cardboard,train
trashnet/data/dataset-resized/glass/glass241.jpg,glass,train
trashnet/data/dataset-resized/paper/paper3.jpg,paper,train
trashnet/data/dataset-resized/paper/paper450.jpg,paper,train
trashnet/data/dataset-resized/paper/paper23.jpg,paper,train
trashnet/data/dataset-resized/metal/metal54.jpg,metal,train
trashnet/data/dataset-resized/trash/trash87.jpg,trash,train
trashnet/data/dataset-resized/plastic/plastic71.jpg,plastic,train
trashnet/data/dataset-resized/glass/glass491.jpg,glass,train
trashnet/data/dataset-resized/cardboard/cardboard141.jpg,cardboard,train
trashnet/data/dataset-resized/glass/glass240.jpg,glass,train
trashnet/data/dataset-resized/plastic/plastic222.jpg,plastic,train
trashnet/data/dataset-resized/glass/glass238.jpg,glass,train
trashnet/data/dataset-resized/paper/paper346.jpg,paper,train
trashnet/data/dataset-resized/plastic/plastic237.jpg,plastic,train
trashnet/data/dataset-resized/glass/glass327.jpg,glass,train
trashnet/data/dataset-resized/glass/glass211.jpg,glass,train
trashnet/data/dataset-resized/plastic/plastic352.jpg,plastic,train
trashnet/data/dataset-resized/glass/glass69.jpg,glass,train
trashnet/data/dataset-resized/cardboard/cardboard70.jpg,cardboard,train
trashnet/data/dataset-resized/plastic/plastic368.jpg,plastic,train
trashnet/data/dataset-resized/plastic/plastic67.jpg,plastic,train
trashnet/data/dataset-resized/cardboard/cardboard340.jpg,cardboard,train
trashnet/data/dataset-resized/glass/glass24.jpg,glass,train
trashnet/data/dataset-resized/glass/glass155.jpg,glass,train
trashnet/data/dataset-resized/plastic/plastic184.jpg,plastic,train
trashnet/data/dataset-resized/plastic/plastic94.jpg,plastic,train
trashnet/data/dataset-resized/metal/metal37.jpg,metal,train
trashnet/data/dataset-resized/metal/metal99.jpg,metal,train
trashnet/data/dataset-resized/metal/metal137.jpg,metal,train
trashnet/data/dataset-resized/glass/glass42.jpg,glass,train
trashnet/data/dataset-resized/paper/paper172.jpg,paper,train
trashnet/data/dataset-resized/glass/glass377.jpg,glass,train
trashnet/data/dataset-resized/paper/paper486.jpg,paper,train
trashnet/data/dataset-resized/metal/metal360.jpg,metal,train
trashnet/data/dataset-resized/metal/metal222.jpg,metal,train
trashnet/data/dataset-resized/glass/glass389.jpg,glass,train
trashnet/data/dataset-resized/plastic/plastic5.jpg,plastic,train
trashnet/data/dataset-resized/paper/paper140.jpg,paper,train
trashnet/data/dataset-resized/plastic/plastic130.jpg,plastic,train
trashnet/data/dataset-resized/plastic/plastic242.jpg,plastic,train
trashnet/data/dataset-resized/glass/glass253.jpg,glass,train
trashnet/data/dataset-resized/plastic/plastic329.jpg,plastic,train
trashnet/data/dataset-resized/cardboard/cardboard158.jpg,cardboard,train
trashnet/data/dataset-resized/paper/paper348.jpg,paper,train
trashnet/data/dataset-resized/plastic/plastic12.jpg,plastic,train
trashnet/data/dataset-resized/cardboard/cardboard390.jpg,cardboard,train
trashnet/data/dataset-resized/glass/glass70.jpg,glass,train
trashnet/data/dataset-resized/plastic/plastic432.jpg,plastic,train
trashnet/data/dataset-resized/metal/metal237.jpg,metal,train
trashnet/data/dataset-resized/paper/paper594.jpg,paper,train
trashnet/data/dataset-resized/glass/glass14.jpg,glass,train
trashnet/data/dataset-resized/paper/paper236.jpg,paper,train
trashnet/data/dataset-resized/glass/glass386.jpg,glass,train
trashnet/data/dataset-resized/plastic/plastic295.jpg,plastic,train
trashnet/data/dataset-resized/paper/paper67.jpg,paper,train
trashnet/data/dataset-resized/plastic/plastic69.jpg,plastic,train
trashnet/data/dataset-resized/paper/paper220.jpg,paper,train
trashnet/data/dataset-resized/glass/glass341.jpg,glass,train
trashnet/data/dataset-resized/plastic/plastic118.jpg,plastic,train
trashnet/data/dataset-resized/plastic/plastic421.jpg,plastic,train
trashnet/data/dataset-resized/metal/metal22.jpg,metal,train
trashnet/data/dataset-resized/paper/paper10.jpg,paper,train
trashnet/data/dataset-resized/paper/paper13.jpg,paper,train
trashnet/data/dataset-resized/cardboard/cardboard337.jpg,cardboard,train
trashnet/data/dataset-resized/paper/paper169.jpg,paper,train
trashnet/data/dataset-resized/paper/paper394.jpg,paper,train
trashnet/data/dataset-resized/cardboard/cardboard241.jpg,cardboard,train
trashnet/data/dataset-resized/plastic/plastic353.jpg,plastic,train
trashnet/data/dataset-resized/metal/metal147.jpg,metal,train
trashnet/data/dataset-resized/trash/trash18.jpg,trash,train
trashnet/data/dataset-resized/cardboard/cardboard175.jpg,cardboard,train
trashnet/data/dataset-resized/metal/metal265.jpg,metal,train
trashnet/data/dataset-resized/paper/paper213.jpg,paper,train
trashnet/data/dataset-resized/paper/paper473.jpg,paper,train
trashnet/data/dataset-resized/cardboard/cardboard367.jpg,cardboard,train
trashnet/data/dataset-resized/glass/glass133.jpg,glass,train
trashnet/data/dataset-resized/cardboard/cardboard402.jpg,cardboard,train
trashnet/data/dataset-resized/paper/paper380.jpg,paper,train
trashnet/data/dataset-resized/trash/trash6.jpg,trash,train
trashnet/data/dataset-resized/trash/trash36.jpg,trash,train
trashnet/data/dataset-resized/plastic/plastic78.jpg,plastic,train
trashnet/data/dataset-resized/trash/trash111.jpg,trash,train
trashnet/data/dataset-resized/plastic/plastic333.jpg,plastic,train
trashnet/data/dataset-resized/cardboard/cardboard58.jpg,cardboard,train
trashnet/data/dataset-resized/trash/trash120.jpg,trash,train
trashnet/data/dataset-resized/plastic/plastic225.jpg,plastic,train
trashnet/data/dataset-resized/paper/paper476.jpg,paper,train
trashnet/data/dataset-resized/glass/glass311.jpg,glass,train
trashnet/data/dataset-resized/metal/metal97.jpg,metal,train
trashnet/data/dataset-resized/cardboard/cardboard188.jpg,cardboard,train
trashnet/data/dataset-resized/paper/paper11.jpg,paper,train
trashnet/data/dataset-resized/plastic/plastic316.jpg,plastic,train
trashnet/data/dataset-resized/plastic/plastic50.jpg,plastic,train
trashnet/data/dataset-resized/plastic/plastic294.jpg,plastic,train
trashnet/data/dataset-resized/metal/metal68.jpg,metal,train
trashnet/data/dataset-resized/paper/paper374.jpg,paper,train
trashnet/data/dataset-resized/paper/paper468.jpg,paper,train
trashnet/data/dataset-resized/plastic/plastic103.jpg,plastic,train
trashnet/data/dataset-resized/paper/paper194.jpg,paper,train
trashnet/data/dataset-resized/paper/paper377.jpg,paper,train
trashnet/data/dataset-resized/plastic/plastic44.jpg,plastic,train
trashnet/data/dataset-resized/metal/metal86.jpg,metal,train
trashnet/data/dataset-resized/metal/metal131.jpg,metal,train
trashnet/data/dataset-resized/glass/glass360.jpg,glass,train
trashnet/data/dataset-resized/plastic/plastic142.jpg,plastic,train
trashnet/data/dataset-resized/plastic/plastic68.jpg,plastic,train
trashnet/data/dataset-resized/cardboard/cardboard307.jpg,cardboard,train
trashnet/data/dataset-resized/metal/metal225.jpg,metal,train
trashnet/data/dataset-resized/glass/glass245.jpg,glass,train
trashnet/data/dataset-resized/paper/paper15.jpg,paper,train
trashnet/data/dataset-resized/paper/paper226.jpg,paper,train
trashnet/data/dataset-resized/cardboard/cardboard182.jpg,cardboard,train
trashnet/data/dataset-resized/paper/paper379.jpg,paper,train
trashnet/data/dataset-resized/glass/glass482.jpg,glass,train
trashnet/data/dataset-resized/paper/paper369.jpg,paper,train
trashnet/data/dataset-resized/paper/paper397.jpg,paper,train
trashnet/data/dataset-resized/metal/metal276.jpg,metal,train
trashnet/data/dataset-resized/metal/metal119.jpg,metal,train
trashnet/data/dataset-resized/glass/glass434.jpg,glass,train
trashnet/data/dataset-resized/cardboard/cardboard17.jpg,cardboard,train
trashnet/data/dataset-resized/trash/trash1.jpg,trash,train
trashnet/data/dataset-resized/glass/glass151.jpg,glass,train
trashnet/data/dataset-resized/cardboard/cardboard357.jpg,cardboard,train
trashnet/data/dataset-resized/plastic/plastic463.jpg,plastic,train
trashnet/data/dataset-resized/paper/paper373.jpg,paper,train
trashnet/data/dataset-resized/paper/paper2.jpg,paper,train
trashnet/data/dataset-resized/metal/metal42.jpg,metal,train
trashnet/data/dataset-resized/metal/metal374.jpg,metal,train
trashnet/data/dataset-resized/metal/metal169.jpg,metal,train
trashnet/data/dataset-resized/cardboard/cardboard396.jpg,cardboard,train
trashnet/data/dataset-resized/metal/metal308.jpg,metal,train
trashnet/data/dataset-resized/metal/metal139.jpg,metal,train
trashnet/data/dataset-resized/paper/paper332.jpg,paper,train
trashnet/data/dataset-resized/metal/metal311.jpg,metal,train
trashnet/data/dataset-resized/paper/paper295.jpg,paper,train
trashnet/data/dataset-resized/plastic/plastic92.jpg,plastic,train
trashnet/data/dataset-resized/paper/paper141.jpg,paper,train
trashnet/data/dataset-resized/metal/metal159.jpg,metal,train
trashnet/data/dataset-resized/plastic/plastic133.jpg,plastic,train
trashnet/data/dataset-resized/paper/paper157.jpg,paper,train
trashnet/data/dataset-resized/cardboard/cardboard387.jpg,cardboard,train
trashnet/data/dataset-resized/glass/glass439.jpg,glass,train
trashnet/data/dataset-resized/plastic/plastic345.jpg,plastic,train
trashnet/data/dataset-resized/cardboard/cardboard76.jpg,cardboard,train
trashnet/data/dataset-resized/cardboard/cardboard360.jpg,cardboard,train
trashnet/data/dataset-resized/metal/metal31.jpg,metal,train
trashnet/data/dataset-resized/paper/paper49.jpg,paper,train
trashnet/data/dataset-resized/trash/trash56.jpg,trash,train
trashnet/data/dataset-resized/paper/paper40.jpg,paper,train
trashnet/data/dataset-resized/metal/metal368.jpg,metal,train
trashnet/data/dataset-resized/paper/paper352.jpg,paper,train
trashnet/data/dataset-resized/glass/glass51.jpg,glass,train
trashnet/data/dataset-resized/paper/paper1.jpg,paper,train
trashnet/data/dataset-resized/cardboard/cardboard389.jpg,cardboard,train
trashnet/data/dataset-resized/plastic/plastic35.jpg,plastic,train
trashnet/data/dataset-resized/plastic/plastic233.jpg,plastic,train
trashnet/data/dataset-resized/glass/glass76.jpg,glass,train
trashnet/data/dataset-resized/paper/paper407.jpg,paper,train
trashnet/data/dataset-resized/cardboard/cardboard403.jpg,cardboard,train
trashnet/data/dataset-resized/cardboard/cardboard163.jpg,cardboard,train
trashnet/data/dataset-resized/metal/metal341.jpg,metal,train
trashnet/data/dataset-resized/paper/paper386.jpg,paper,train
trashnet/data/dataset-resized/glass/glass88.jpg,glass,train
trashnet/data/dataset-resized/paper/paper259.jpg,paper,train
trashnet/data/dataset-resized/metal/metal363.jpg,metal,train
trashnet/data/dataset-resized/paper/paper244.jpg,paper,train
trashnet/data/dataset-resized/cardboard/cardboard262.jpg,cardboard,train
trashnet/data/dataset-resized/cardboard/cardboard18.jpg,cardboard,train
trashnet/data/dataset-resized/paper/paper277.jpg,paper,train
trashnet/data/dataset-resized/metal/metal338.jpg,metal,train
trashnet/data/dataset-resized/plastic/plastic259.jpg,plastic,train
trashnet/data/dataset-resized/cardboard/cardboard261.jpg,cardboard,train
trashnet/data/dataset-resized/plastic/plastic224.jpg,plastic,train
trashnet/data/dataset-resized/cardboard/cardboard68.jpg,cardboard,train
trashnet/data/dataset-resized/cardboard/cardboard144.jpg,cardboard,train
trashnet/data/dataset-resized/cardboard/cardboard2.jpg,cardboard,train
trashnet/data/dataset-resized/paper/paper163.jpg,paper,train
trashnet/data/dataset-resized/trash/trash99.jpg,trash,train
trashnet/data/dataset-resized/paper/paper178.jpg,paper,train
trashnet/data/dataset-resized/metal/metal217.jpg,metal,train
trashnet/data/dataset-resized/glass/glass440.jpg,glass,train
trashnet/data/dataset-resized/plastic/plastic314.jpg,plastic,train
trashnet/data/dataset-resized/paper/paper156.jpg,paper,train
trashnet/data/dataset-resized/plastic/plastic147.jpg,plastic,train
trashnet/data/dataset-resized/paper/paper105.jpg,paper,train
trashnet/data/dataset-resized/paper/paper121.jpg,paper,train
trashnet/data/dataset-resized/metal/metal304.jpg,metal,train
trashnet/data/dataset-resized/plastic/plastic181.jpg,plastic,train
trashnet/data/dataset-resized/metal/metal231.jpg,metal,train
trashnet/data/dataset-resized/paper/paper538.jpg,paper,train
trashnet/data/dataset-resized/cardboard/cardboard73.jpg,cardboard,train
trashnet/data/dataset-resized/paper/paper196.jpg,paper,train
trashnet/data/dataset-resized/metal/metal352.jpg,metal,train
trashnet/data/dataset-resized/cardboard/cardboard224.jpg,cardboard,train
trashnet/data/dataset-resized/paper/paper412.jpg,paper,train
trashnet/data/dataset-resized/glass/glass342.jpg,glass,train
trashnet/data/dataset-resized/plastic/plastic413.jpg,plastic,train
trashnet/data/dataset-resized/plastic/plastic403.jpg,plastic,train
trashnet/data/dataset-resized/metal/metal129.jpg,metal,train
trashnet/data/dataset-resized/cardboard/cardboard7.jpg,cardboard,train
trashnet/data/dataset-resized/paper/paper387.jpg,paper,train
trashnet/data/dataset-resized/plastic/plastic385.jpg,plastic,train
trashnet/data/dataset-resized/cardboard/cardboard120.jpg,cardboard,train
trashnet/data/dataset-resized/plastic/plastic364.jpg,plastic,train
trashnet/data/dataset-resized/glass/glass478.jpg,glass,train
trashnet/data/dataset-resized/glass/glass102.jpg,glass,train
trashnet/data/dataset-resized/trash/trash136.jpg,trash,train
trashnet/data/dataset-resized/glass/glass268.jpg,glass,train
trashnet/data/dataset-resized/cardboard/cardboard103.jpg,cardboard,train
trashnet/data/dataset-resized/glass/glass47.jpg,glass,train
trashnet/data/dataset-resized/paper/paper303.jpg,paper,train
trashnet/data/dataset-resized/plastic/plastic90.jpg,plastic,train
trashnet/data/dataset-resized/paper/paper192.jpg,paper,train
trashnet/data/dataset-resized/trash/trash126.jpg,trash,train
trashnet/data/dataset-resized/metal/metal290.jpg,metal,train
trashnet/data/dataset-resized/paper/paper294.jpg,paper,train
trashnet/data/dataset-resized/paper/paper148.jpg,paper,train
trashnet/data/dataset-resized/glass/glass474.jpg,glass,train
trashnet/data/dataset-resized/glass/glass336.jpg,glass,train
trashnet/data/dataset-resized/paper/paper243.jpg,paper,train
trashnet/data/dataset-resized/paper/paper540.jpg,paper,train
trashnet/data/dataset-resized/plastic/plastic390.jpg,plastic,train
trashnet/data/dataset-resized/plastic/plastic253.jpg,plastic,train
trashnet/data/dataset-resized/paper/paper112.jpg,paper,train
trashnet/data/dataset-resized/paper/paper368.jpg,paper,train
trashnet/data/dataset-resized/glass/glass457.jpg,glass,train
trashnet/data/dataset-resized/metal/metal25.jpg,metal,train
trashnet/data/dataset-resized/metal/metal387.jpg,metal,train
trashnet/data/dataset-resized/plastic/plastic123.jpg,plastic,train
trashnet/data/dataset-resized/glass/glass469.jpg,glass,train
trashnet/data/dataset-resized/plastic/plastic112.jpg,plastic,train
trashnet/data/dataset-resized/cardboard/cardboard20.jpg,cardboard,train
trashnet/data/dataset-resized/paper/paper130.jpg,paper,train
trashnet/data/dataset-resized/plastic/plastic226.jpg,plastic,train
trashnet/data/dataset-resized/metal/metal174.jpg,metal,train
trashnet/data/dataset-resized/cardboard/cardboard118.jpg,cardboard,train
trashnet/data/dataset-resized/metal/metal285.jpg,metal,train
trashnet/data/dataset-resized/plastic/plastic153.jpg,plastic,train
trashnet/data/dataset-resized/plastic/plastic451.jpg,plastic,train
trashnet/data/dataset-resized/paper/paper272.jpg,paper,train
trashnet/data/dataset-resized/cardboard/cardboard331.jpg,cardboard,train
trashnet/data/dataset-resized/cardboard/cardboard44.jpg,cardboard,train
trashnet/data/dataset-resized/metal/metal394.jpg,metal,train
trashnet/data/dataset-resized/glass/glass110.jpg,glass,train
trashnet/data/dataset-resized/plastic/plastic34.jpg,plastic,train
trashnet/data/dataset-resized/metal/metal274.jpg,metal,train
trashnet/data/dataset-resized/metal/metal175.jpg,metal,train
trashnet/data/dataset-resized/paper/paper74.jpg,paper,train
trashnet/data/dataset-resized/cardboard/cardboard38.jpg,cardboard,train
trashnet/data/dataset-resized/cardboard/cardboard35.jpg,cardboard,train
trashnet/data/dataset-resized/metal/metal226.jpg,metal,train
trashnet/data/dataset-resized/paper/paper554.jpg,paper,train
trashnet/data/dataset-resized/cardboard/cardboard190.jpg,cardboard,train
trashnet/data/dataset-resized/glass/glass314.jpg,glass,train
trashnet/data/dataset-resized/paper/paper310.jpg,paper,train
trashnet/data/dataset-resized/trash/trash80.jpg,trash,train
trashnet/data/dataset-resized/paper/paper175.jpg,paper,train
trashnet/data/dataset-resized/paper/paper553.jpg,paper,train
trashnet/data/dataset-resized/plastic/plastic137.jpg,plastic,train
trashnet/data/dataset-resized/cardboard/cardboard270.jpg,cardboard,train
trashnet/data/dataset-resized/metal/metal48.jpg,metal,train
trashnet/data/dataset-resized/cardboard/cardboard234.jpg,cardboard,train
trashnet/data/dataset-resized/metal/metal192.jpg,metal,train
trashnet/data/dataset-resized/paper/paper234.jpg,paper,train
trashnet/data/dataset-resized/metal/metal134.jpg,metal,train
trashnet/data/dataset-resized/paper/paper237.jpg,paper,train
trashnet/data/dataset-resized/trash/trash101.jpg,trash,train
trashnet/data/dataset-resized/glass/glass499.jpg,glass,train
trashnet/data/dataset-resized/glass/glass259.jpg,glass,train
trashnet/data/dataset-resized/glass/glass354.jpg,glass,train
trashnet/data/dataset-resized/cardboard/cardboard196.jpg,cardboard,train
trashnet/data/dataset-resized/metal/metal65.jpg,metal,train
trashnet/data/dataset-resized/paper/paper364.jpg,paper,train
trashnet/data/dataset-resized/glass/glass287.jpg,glass,train
trashnet/data/dataset-resized/plastic/plastic135.jpg,plastic,train
trashnet/data/dataset-resized/paper/paper347.jpg,paper,train
trashnet/data/dataset-resized/glass/glass163.jpg,glass,train
trashnet/data/dataset-resized/plastic/plastic311.jpg,plastic,train
trashnet/data/dataset-resized/trash/trash55.jpg,trash,train
trashnet/data/dataset-resized/plastic/plastic264.jpg,plastic,train
trashnet/data/dataset-resized/paper/paper125.jpg,paper,train
trashnet/data/dataset-resized/glass/glass416.jpg,glass,train
trashnet/data/dataset-resized/plastic/plastic32.jpg,plastic,train
trashnet/data/dataset-resized/glass/glass174.jpg,glass,train
trashnet/data/dataset-resized/glass/glass45.jpg,glass,train
trashnet/data/dataset-resized/cardboard/cardboard297.jpg,cardboard,train
trashnet/data/dataset-resized/plastic/plastic108.jpg,plastic,train
trashnet/data/dataset-resized/paper/paper91.jpg,paper,train
trashnet/data/dataset-resized/cardboard/cardboard8.jpg,cardboard,train
trashnet/data/dataset-resized/paper/paper338.jpg,paper,train
trashnet/data/dataset-resized/plastic/plastic145.jpg,plastic,train
trashnet/data/dataset-resized/paper/paper275.jpg,paper,train
trashnet/data/dataset-resized/paper/paper256.jpg,paper,train
trashnet/data/dataset-resized/glass/glass394.jpg,glass,train
trashnet/data/dataset-resized/glass/glass113.jpg,glass,train
trashnet/data/dataset-resized/glass/glass30.jpg,glass,train
trashnet/data/dataset-resized/metal/metal319.jpg,metal,train
trashnet/data/dataset-resized/paper/paper514.jpg,paper,train
trashnet/data/dataset-resized/paper/paper165.jpg,paper,train
trashnet/data/dataset-resized/glass/glass333.jpg,glass,train
trashnet/data/dataset-resized/cardboard/cardboard210.jpg,cardboard,train
trashnet/data/dataset-resized/glass/glass103.jpg,glass,train
trashnet/data/dataset-resized/glass/glass83.jpg,glass,train
trashnet/data/dataset-resized/paper/paper524.jpg,paper,train
trashnet/data/dataset-resized/glass/glass205.jpg,glass,train
trashnet/data/dataset-resized/paper/paper507.jpg,paper,train
trashnet/data/dataset-resized/plastic/plastic188.jpg,plastic,train
trashnet/data/dataset-resized/metal/metal178.jpg,metal,train
trashnet/data/dataset-resized/glass/glass272.jpg,glass,train
trashnet/data/dataset-resized/paper/paper199.jpg,paper,train
trashnet/data/dataset-resized/metal/metal36.jpg,metal,train
trashnet/data/dataset-resized/paper/paper20.jpg,paper,train
trashnet/data/dataset-resized/cardboard/cardboard369.jpg,cardboard,train
trashnet/data/dataset-resized/paper/paper200.jpg,paper,train
trashnet/data/dataset-resized/cardboard/cardboard216.jpg,cardboard,train
trashnet/data/dataset-resized/metal/metal158.jpg,metal,train
trashnet/data/dataset-resized/glass/glass305.jpg,glass,train
trashnet/data/dataset-resized/plastic/plastic241.jpg,plastic,train
trashnet/data/dataset-resized/paper/paper482.jpg,paper,train
trashnet/data/dataset-resized/cardboard/cardboard215.jpg,cardboard,train
trashnet/data/dataset-resized/paper/paper523.jpg,paper,train
trashnet/data/dataset-resized/glass/glass450.jpg,glass,train
trashnet/data/dataset-resized/plastic/plastic464.jpg,plastic,train
trashnet/data/dataset-resized/plastic/plastic303.jpg,plastic,train
trashnet/data/dataset-resized/glass/glass92.jpg,glass,train
trashnet/data/dataset-resized/trash/trash67.jpg,trash,train
trashnet/data/dataset-resized/trash/trash7.jpg,trash,train
trashnet/data/dataset-resized/metal/metal40.jpg,metal,train
trashnet/data/dataset-resized/cardboard/cardboard373.jpg,cardboard,train
trashnet/data/dataset-resized/cardboard/cardboard156.jpg,cardboard,train
trashnet/data/dataset-resized/glass/glass290.jpg,glass,train
trashnet/data/dataset-resized/plastic/plastic220.jpg,plastic,train
trashnet/data/dataset-resized/paper/paper225.jpg,paper,train
trashnet/data/dataset-resized/trash/trash44.jpg,trash,train
trashnet/data/dataset-resized/trash/trash75.jpg,trash,train
trashnet/data/dataset-resized/cardboard/cardboard77.jpg,cardboard,train
trashnet/data/dataset-resized/plastic/plastic324.jpg,plastic,train
trashnet/data/dataset-resized/glass/glass87.jpg,glass,train
trashnet/data/dataset-resized/paper/paper58.jpg,paper,train
trashnet/data/dataset-resized/trash/trash19.jpg,trash,train
trashnet/data/dataset-resized/glass/glass124.jpg,glass,train
trashnet/data/dataset-resized/paper/paper584.jpg,paper,train
trashnet/data/dataset-resized/cardboard/cardboard282.jpg,cardboard,train
trashnet/data/dataset-resized/glass/glass218.jpg,glass,train
trashnet/data/dataset-resized/paper/paper43.jpg,paper,train
trashnet/data/dataset-resized/trash/trash95.jpg,trash,train
trashnet/data/dataset-resized/metal/metal15.jpg,metal,train
trashnet/data/dataset-resized/trash/trash124.jpg,trash,train
trashnet/data/dataset-resized/metal/metal77.jpg,metal,train
trashnet/data/dataset-resized/metal/metal334.jpg,metal,train
trashnet/data/dataset-resized/plastic/plastic341.jpg,plastic,train
trashnet/data/dataset-resized/paper/paper110.jpg,paper,train
trashnet/data/dataset-resized/metal/metal83.jpg,metal,train
trashnet/data/dataset-resized/glass/glass364.jpg,glass,train
trashnet/data/dataset-resized/trash/trash121.jpg,trash,train
trashnet/data/dataset-resized/cardboard/cardboard308.jpg,cardboard,train
trashnet/data/dataset-resized/paper/paper30.jpg,paper,train
trashnet/data/dataset-resized/paper/paper291.jpg,paper,train
trashnet/data/dataset-resized/metal/metal35.jpg,metal,train
trashnet/data/dataset-resized/plastic/plastic203.jpg,plastic,train
trashnet/data/dataset-resized/paper/paper592.jpg,paper,train
trashnet/data/dataset-resized/glass/glass35.jpg,glass,train
trashnet/data/dataset-resized/plastic/plastic305.jpg,plastic,train
trashnet/data/dataset-resized/plastic/plastic433.jpg,plastic,train
trashnet/data/dataset-resized/glass/glass498.jpg,glass,train
trashnet/data/dataset-resized/plastic/plastic477.jpg,plastic,train
trashnet/data/dataset-resized/trash/trash112.jpg,trash,train
trashnet/data/dataset-resized/metal/metal303.jpg,metal,train
trashnet/data/dataset-resized/metal/metal335.jpg,metal,train
trashnet/data/dataset-resized/glass/glass68.jpg,glass,train
trashnet/data/dataset-resized/paper/paper550.jpg,paper,train
trashnet/data/dataset-resized/paper/paper76.jpg,paper,train
trashnet/data/dataset-resized/metal/metal370.jpg,metal,train
trashnet/data/dataset-resized/trash/trash46.jpg,trash,train
trashnet/data/dataset-resized/paper/paper202.jpg,paper,train
trashnet/data/dataset-resized/cardboard/cardboard279.jpg,cardboard,train
trashnet/data/dataset-resized/paper/paper274.jpg,paper,train
trashnet/data/dataset-resized/plastic/plastic429.jpg,plastic,train
trashnet/data/dataset-resized/paper/paper481.jpg,paper,train
trashnet/data/dataset-resized/glass/glass408.jpg,glass,train
trashnet/data/dataset-resized/glass/glass153.jpg,glass,train
trashnet/data/dataset-resized/plastic/plastic355.jpg,plastic,train
trashnet/data/dataset-resized/paper/paper365.jpg,paper,train
trashnet/data/dataset-resized/cardboard/cardboard194.jpg,cardboard,train
trashnet/data/dataset-resized/metal/metal224.jpg,metal,train
trashnet/data/dataset-resized/paper/paper55.jpg,paper,train
trashnet/data/dataset-resized/glass/glass376.jpg,glass,train
trashnet/data/dataset-resized/paper/paper174.jpg,paper,train
trashnet/data/dataset-resized/plastic/plastic254.jpg,plastic,train
trashnet/data/dataset-resized/metal/metal109.jpg,metal,train
trashnet/data/dataset-resized/plastic/plastic97.jpg,plastic,train
trashnet/data/dataset-resized/glass/glass115.jpg,glass,train
trashnet/data/dataset-resized/metal/metal179.jpg,metal,train
trashnet/data/dataset-resized/cardboard/cardboard145.jpg,cardboard,train
trashnet/data/dataset-resized/glass/glass223.jpg,glass,train
trashnet/data/dataset-resized/plastic/plastic2.jpg,plastic,train
trashnet/data/dataset-resized/glass/glass252.jpg,glass,train
trashnet/data/dataset-resized/plastic/plastic74.jpg,plastic,train
trashnet/data/dataset-resized/glass/glass298.jpg,glass,train
trashnet/data/dataset-resized/plastic/plastic286.jpg,plastic,train
trashnet/data/dataset-resized/metal/metal202.jpg,metal,train
trashnet/data/dataset-resized/trash/trash113.jpg,trash,train
trashnet/data/dataset-resized/glass/glass96.jpg,glass,train
trashnet/data/dataset-resized/glass/glass170.jpg,glass,train
trashnet/data/dataset-resized/paper/paper21.jpg,paper,train
trashnet/data/dataset-resized/plastic/plastic33.jpg,plastic,train
trashnet/data/dataset-resized/plastic/plastic349.jpg,plastic,train
trashnet/data/dataset-resized/paper/paper4.jpg,paper,train
trashnet/data/dataset-resized/metal/metal116.jpg,metal,train
trashnet/data/dataset-resized/metal/metal315.jpg,metal,train
trashnet/data/dataset-resized/paper/paper451.jpg,paper,train
trashnet/data/dataset-resized/metal/metal392.jpg,metal,train
trashnet/data/dataset-resized/metal/metal268.jpg,metal,train
trashnet/data/dataset-resized/cardboard/cardboard383.jpg,cardboard,train
trashnet/data/dataset-resized/glass/glass19.jpg,glass,train
trashnet/data/dataset-resized/plastic/plastic3.jpg,plastic,train
trashnet/data/dataset-resized/paper/paper401.jpg,paper,train
trashnet/data/dataset-resized/metal/metal373.jpg,metal,train
trashnet/data/dataset-resized/cardboard/cardboard98.jpg,cardboard,train
trashnet/data/dataset-resized/trash/trash4.jpg,trash,train
trashnet/data/dataset-resized/plastic/plastic321.jpg,plastic,train
trashnet/data/dataset-resized/plastic/plastic182.jpg,plastic,train
trashnet/data/dataset-resized/paper/paper334.jpg,paper,train
trashnet/data/dataset-resized/paper/paper320.jpg,paper,train
trashnet/data/dataset-resized/glass/glass479.jpg,glass,train
trashnet/data/dataset-resized/cardboard/cardboard75.jpg,cardboard,train
trashnet/data/dataset-resized/metal/metal201.jpg,metal,train
trashnet/data/dataset-resized/glass/glass236.jpg,glass,train
trashnet/data/dataset-resized/cardboard/cardboard312.jpg,cardboard,train
trashnet/data/dataset-resized/metal/metal250.jpg,metal,train
trashnet/data/dataset-resized/glass/glass301.jpg,glass,train
trashnet/data/dataset-resized/glass/glass97.jpg,glass,train
trashnet/data/dataset-resized/plastic/plastic41.jpg,plastic,train
trashnet/data/dataset-resized/cardboard/cardboard161.jpg,cardboard,train
trashnet/data/dataset-resized/glass/glass22.jpg,glass,train
trashnet/data/dataset-resized/paper/paper330.jpg,paper,train
trashnet/data/dataset-resized/cardboard/cardboard385.jpg,cardboard,train
trashnet/data/dataset-resized/plastic/plastic156.jpg,plastic,train
trashnet/data/dataset-resized/glass/glass276.jpg,glass,train
trashnet/data/dataset-resized/paper/paper522.jpg,paper,train
trashnet/data/dataset-resized/cardboard/cardboard358.jpg,cardboard,train
trashnet/data/dataset-resized/metal/metal284.jpg,metal,train
trashnet/data/dataset-resized/glass/glass90.jpg,glass,train
trashnet/data/dataset-resized/plastic/plastic447.jpg,plastic,train
trashnet/data/dataset-resized/cardboard/cardboard243.jpg,cardboard,train
trashnet/data/dataset-resized/glass/glass273.jpg,glass,train
trashnet/data/dataset-resized/glass/glass60.jpg,glass,train
trashnet/data/dataset-resized/glass/glass393.jpg,glass,train
trashnet/data/dataset-resized/paper/paper159.jpg,paper,train
trashnet/data/dataset-resized/paper/paper83.jpg,paper,train
trashnet/data/dataset-resized/glass/glass403.jpg,glass,train
trashnet/data/dataset-resized/metal/metal380.jpg,metal,train
trashnet/data/dataset-resized/glass/glass93.jpg,glass,train
trashnet/data/dataset-resized/paper/paper18.jpg,paper,train
trashnet/data/dataset-resized/paper/paper108.jpg,paper,train
trashnet/data/dataset-resized/paper/paper142.jpg,paper,train
trashnet/data/dataset-resized/trash/trash9.jpg,trash,train
trashnet/data/dataset-resized/glass/glass58.jpg,glass,train
trashnet/data/dataset-resized/plastic/plastic14.jpg,plastic,train
trashnet/data/dataset-resized/paper/paper580.jpg,paper,train
trashnet/data/dataset-resized/plastic/plastic124.jpg,plastic,train
trashnet/data/dataset-resized/plastic/plastic479.jpg,plastic,train
trashnet/data/dataset-resized/plastic/plastic146.jpg,plastic,train
trashnet/data/dataset-resized/paper/paper204.jpg,paper,train
trashnet/data/dataset-resized/glass/glass313.jpg,glass,train
trashnet/data/dataset-resized/paper/paper115.jpg,paper,train
trashnet/data/dataset-resized/metal/metal409.jpg,metal,train
trashnet/data/dataset-resized/paper/paper418.jpg,paper,train
trashnet/data/dataset-resized/glass/glass185.jpg,glass,train
trashnet/data/dataset-resized/paper/paper312.jpg,paper,train
trashnet/data/dataset-resized/cardboard/cardboard278.jpg,cardboard,train
trashnet/data/dataset-resized/paper/paper193.jpg,paper,train
trashnet/data/dataset-resized/cardboard/cardboard45.jpg,cardboard,train
trashnet/data/dataset-resized/glass/glass134.jpg,glass,train
trashnet/data/dataset-resized/plastic/plastic366.jpg,plastic,train
trashnet/data/dataset-resized/metal/metal140.jpg,metal,train
trashnet/data/dataset-resized/cardboard/cardboard382.jpg,cardboard,train
trashnet/data/dataset-resized/metal/metal184.jpg,metal,train
trashnet/data/dataset-resized/metal/metal145.jpg,metal,train
trashnet/data/dataset-resized/glass/glass141.jpg,glass,train
trashnet/data/dataset-resized/paper/paper444.jpg,paper,train
trashnet/data/dataset-resized/glass/glass180.jpg,glass,train
trashnet/data/dataset-resized/glass/glass72.jpg,glass,train
trashnet/data/dataset-resized/paper/paper187.jpg,paper,train
trashnet/data/dataset-resized/metal/metal115.jpg,metal,train
trashnet/data/dataset-resized/paper/paper552.jpg,paper,train
trashnet/data/dataset-resized/paper/paper189.jpg,paper,train
trashnet/data/dataset-resized/glass/glass266.jpg,glass,train
trashnet/data/dataset-resized/plastic/plastic398.jpg,plastic,train
trashnet/data/dataset-resized/paper/paper520.jpg,paper,train
trashnet/data/dataset-resized/metal/metal113.jpg,metal,train
trashnet/data/dataset-resized/metal/metal11.jpg,metal,train
trashnet/data/dataset-resized/plastic/plastic276.jpg,plastic,train
trashnet/data/dataset-resized/paper/paper488.jpg,paper,train
trashnet/data/dataset-resized/paper/paper86.jpg,paper,train
trashnet/data/dataset-resized/cardboard/cardboard291.jpg,cardboard,train
trashnet/data/dataset-resized/paper/paper161.jpg,paper,train
trashnet/data/dataset-resized/glass/glass279.jpg,glass,train
trashnet/data/dataset-resized/metal/metal378.jpg,metal,train
trashnet/data/dataset-resized/paper/paper240.jpg,paper,train
trashnet/data/dataset-resized/cardboard/cardboard272.jpg,cardboard,train
trashnet/data/dataset-resized/trash/trash30.jpg,trash,train
trashnet/data/dataset-resized/glass/glass375.jpg,glass,train
trashnet/data/dataset-resized/cardboard/cardboard64.jpg,cardboard,train
trashnet/data/dataset-resized/plastic/plastic281.jpg,plastic,train
trashnet/data/dataset-resized/metal/metal322.jpg,metal,train
trashnet/data/dataset-resized/glass/glass446.jpg,glass,train
trashnet/data/dataset-resized/cardboard/cardboard362.jpg,cardboard,train
trashnet/data/dataset-resized/plastic/plastic65.jpg,plastic,train
trashnet/data/dataset-resized/metal/metal92.jpg,metal,train
trashnet/data/dataset-resized/metal/metal155.jpg,metal,train
trashnet/data/dataset-resized/glass/glass385.jpg,glass,train
trashnet/data/dataset-resized/plastic/plastic446.jpg,plastic,train
trashnet/data/dataset-resized/plastic/plastic87.jpg,plastic,train
trashnet/data/dataset-resized/glass/glass62.jpg,glass,train
trashnet/data/dataset-resized/glass/glass8.jpg,glass,train
trashnet/data/dataset-resized/trash/trash37.jpg,trash,train
trashnet/data/dataset-resized/glass/glass460.jpg,glass,train
trashnet/data/dataset-resized/cardboard/cardboard177.jpg,cardboard,train
trashnet/data/dataset-resized/plastic/plastic428.jpg,plastic,train
trashnet/data/dataset-resized/paper/paper391.jpg,paper,train
trashnet/data/dataset-resized/cardboard/cardboard192.jpg,cardboard,train
trashnet/data/dataset-resized/metal/metal301.jpg,metal,train
trashnet/data/dataset-resized/glass/glass232.jpg,glass,train
trashnet/data/dataset-resized/glass/glass125.jpg,glass,train
trashnet/data/dataset-resized/glass/glass131.jpg,glass,train
trashnet/data/dataset-resized/paper/paper117.jpg,paper,train
trashnet/data/dataset-resized/paper/paper333.jpg,paper,train
trashnet/data/dataset-resized/glass/glass281.jpg,glass,train
trashnet/data/dataset-resized/paper/paper413.jpg,paper,train
trashnet/data/dataset-resized/cardboard/cardboard127.jpg,cardboard,train
trashnet/data/dataset-resized/glass/glass398.jpg,glass,train
trashnet/data/dataset-resized/plastic/plastic60.jpg,plastic,train
trashnet/data/dataset-resized/cardboard/cardboard199.jpg,cardboard,train
trashnet/data/dataset-resized/metal/metal296.jpg,metal,train
trashnet/data/dataset-resized/metal/metal120.jpg,metal,train
trashnet/data/dataset-resized/paper/paper353.jpg,paper,train
trashnet/data/dataset-resized/cardboard/cardboard304.jpg,cardboard,train
trashnet/data/dataset-resized/plastic/plastic197.jpg,plastic,train
trashnet/data/dataset-resized/cardboard/cardboard375.jpg,cardboard,train
trashnet/data/dataset-resized/glass/glass427.jpg,glass,train
trashnet/data/dataset-resized/plastic/plastic59.jpg,plastic,train
trashnet/data/dataset-resized/paper/paper577.jpg,paper,train
trashnet/data/dataset-resized/cardboard/cardboard250.jpg,cardboard,train
trashnet/data/dataset-resized/trash/trash83.jpg,trash,train
trashnet/data/dataset-resized/glass/glass330.jpg,glass,train
trashnet/data/dataset-resized/plastic/plastic370.jpg,plastic,train
trashnet/data/dataset-resized/cardboard/cardboard399.jpg,cardboard,train
trashnet/data/dataset-resized/metal/metal279.jpg,metal,train
trashnet/data/dataset-resized/metal/metal135.jpg,metal,train
trashnet/data/dataset-resized/plastic/plastic455.jpg,plastic,train
trashnet/data/dataset-resized/plastic/plastic37.jpg,plastic,train
trashnet/data/dataset-resized/metal/metal39.jpg,metal,train
trashnet/data/dataset-resized/glass/glass28.jpg,glass,train
trashnet/data/dataset-resized/plastic/plastic325.jpg,plastic,train
trashnet/data/dataset-resized/plastic/plastic337.jpg,plastic,train
trashnet/data/dataset-resized/plastic/plastic111.jpg,plastic,train
trashnet/data/dataset-resized/paper/paper544.jpg,paper,train
trashnet/data/dataset-resized/cardboard/cardboard326.jpg,cardboard,train
trashnet/data/dataset-resized/paper/paper487.jpg,paper,train
trashnet/data/dataset-resized/paper/paper446.jpg,paper,train
trashnet/data/dataset-resized/glass/glass494.jpg,glass,train
trashnet/data/dataset-resized/paper/paper378.jpg,paper,train
trashnet/data/dataset-resized/plastic/plastic261.jpg,plastic,train
trashnet/data/dataset-resized/cardboard/cardboard259.jpg,cardboard,train
trashnet/data/dataset-resized/glass/glass229.jpg,glass,train
trashnet/data/dataset-resized/paper/paper123.jpg,paper,train
trashnet/data/dataset-resized/trash/trash84.jpg,trash,train
trashnet/data/dataset-resized/paper/paper198.jpg,paper,train
trashnet/data/dataset-resized/cardboard/cardboard218.jpg,cardboard,train
trashnet/data/dataset-resized/paper/paper509.jpg,paper,train
trashnet/data/dataset-resized/plastic/plastic380.jpg,plastic,train
trashnet/data/dataset-resized/plastic/plastic165.jpg,plastic,train
trashnet/data/dataset-resized/plastic/plastic42.jpg,plastic,train
trashnet/data/dataset-resized/paper/paper239.jpg,paper,train
trashnet/data/dataset-resized/trash/trash51.jpg,trash,train
trashnet/data/dataset-resized/plastic/plastic131.jpg,plastic,train
trashnet/data/dataset-resized/glass/glass106.jpg,glass,train
trashnet/data/dataset-resized/trash/trash107.jpg,trash,train
trashnet/data/dataset-resized/plastic/plastic122.jpg,plastic,train
trashnet/data/dataset-resized/metal/metal327.jpg,metal,train
trashnet/data/dataset-resized/cardboard/cardboard134.jpg,cardboard,train
trashnet/data/dataset-resized/metal/metal339.jpg,metal,train
trashnet/data/dataset-resized/plastic/plastic251.jpg,plastic,train
trashnet/data/dataset-resized/metal/metal359.jpg,metal,train
trashnet/data/dataset-resized/trash/trash96.jpg,trash,train
trashnet/data/dataset-resized/paper/paper417.jpg,paper,train
trashnet/data/dataset-resized/plastic/plastic21.jpg,plastic,train
trashnet/data/dataset-resized/glass/glass258.jpg,glass,train
trashnet/data/dataset-resized/cardboard/cardboard376.jpg,cardboard,train
trashnet/data/dataset-resized/cardboard/cardboard277.jpg,cardboard,train
trashnet/data/dataset-resized/paper/paper41.jpg,paper,train
trashnet/data/dataset-resized/paper/paper475.jpg,paper,train
trashnet/data/dataset-resized/plastic/plastic360.jpg,plastic,train
trashnet/data/dataset-resized/paper/paper402.jpg,paper,train
trashnet/data/dataset-resized/cardboard/cardboard172.jpg,cardboard,train
trashnet/data/dataset-resized/metal/metal379.jpg,metal,train
trashnet/data/dataset-resized/paper/paper429.jpg,paper,train
trashnet/data/dataset-resized/trash/trash117.jpg,trash,train
trashnet/data/dataset-resized/glass/glass303.jpg,glass,train
trashnet/data/dataset-resized/paper/paper566.jpg,paper,train
trashnet/data/dataset-resized/paper/paper410.jpg,paper,train
trashnet/data/dataset-resized/metal/metal170.jpg,metal,train
trashnet/data/dataset-resized/metal/metal144.jpg,metal,train
trashnet/data/dataset-resized/glass/glass26.jpg,glass,train
trashnet/data/dataset-resized/glass/glass239.jpg,glass,train
trashnet/data/dataset-resized/plastic/plastic187.jpg,plastic,train
trashnet/data/dataset-resized/paper/paper560.jpg,paper,train
trashnet/data/dataset-resized/cardboard/cardboard395.jpg,cardboard,train
trashnet/data/dataset-resized/paper/paper526.jpg,paper,train
trashnet/data/dataset-resized/metal/metal236.jpg,metal,train
trashnet/data/dataset-resized/paper/paper460.jpg,paper,train
trashnet/data/dataset-resized/glass/glass294.jpg,glass,train
trashnet/data/dataset-resized/paper/paper319.jpg,paper,train
trashnet/data/dataset-resized/plastic/plastic56.jpg,plastic,train
trashnet/data/dataset-resized/paper/paper489.jpg,paper,train
trashnet/data/dataset-resized/cardboard/cardboard290.jpg,cardboard,train
trashnet/data/dataset-resized/paper/paper29.jpg,paper,train
trashnet/data/dataset-resized/glass/glass135.jpg,glass,train
trashnet/data/dataset-resized/cardboard/cardboard247.jpg,cardboard,train
trashnet/data/dataset-resized/plastic/plastic72.jpg,plastic,train
trashnet/data/dataset-resized/cardboard/cardboard206.jpg,cardboard,train
trashnet/data/dataset-resized/metal/metal403.jpg,metal,train
trashnet/data/dataset-resized/glass/glass160.jpg,glass,train
trashnet/data/dataset-resized/metal/metal232.jpg,metal,train
trashnet/data/dataset-resized/metal/metal157.jpg,metal,train
trashnet/data/dataset-resized/glass/glass119.jpg,glass,train
trashnet/data/dataset-resized/paper/paper38.jpg,paper,train
trashnet/data/dataset-resized/glass/glass178.jpg,glass,train
trashnet/data/dataset-resized/metal/metal190.jpg,metal,train
trashnet/data/dataset-resized/glass/glass215.jpg,glass,train
trashnet/data/dataset-resized/paper/paper93.jpg,paper,train
trashnet/data/dataset-resized/plastic/plastic109.jpg,plastic,train
trashnet/data/dataset-resized/trash/trash100.jpg,trash,train
trashnet/data/dataset-resized/glass/glass230.jpg,glass,train
trashnet/data/dataset-resized/metal/metal67.jpg,metal,train
trashnet/data/dataset-resized/glass/glass292.jpg,glass,train
trashnet/data/dataset-resized/paper/paper529.jpg,paper,train
trashnet/data/dataset-resized/glass/glass410.jpg,glass,train
trashnet/data/dataset-resized/cardboard/cardboard306.jpg,cardboard,train
trashnet/data/dataset-resized/paper/paper424.jpg,paper,train
trashnet/data/dataset-resized/plastic/plastic408.jpg,plastic,train
trashnet/data/dataset-resized/glass/glass80.jpg,glass,train
trashnet/data/dataset-resized/cardboard/cardboard143.jpg,cardboard,train
trashnet/data/dataset-resized/cardboard/cardboard221.jpg,cardboard,train
trashnet/data/dataset-resized/glass/glass154.jpg,glass,train
trashnet/data/dataset-resized/metal/metal318.jpg,metal,train
trashnet/data/dataset-resized/glass/glass274.jpg,glass,train
trashnet/data/dataset-resized/metal/metal118.jpg,metal,train
trashnet/data/dataset-resized/plastic/plastic442.jpg,plastic,train
trashnet/data/dataset-resized/glass/glass462.jpg,glass,train
trashnet/data/dataset-resized/glass/glass210.jpg,glass,train
trashnet/data/dataset-resized/metal/metal406.jpg,metal,train
trashnet/data/dataset-resized/metal/metal272.jpg,metal,train
trashnet/data/dataset-resized/plastic/plastic64.jpg,plastic,train
trashnet/data/dataset-resized/paper/paper541.jpg,paper,train
trashnet/data/dataset-resized/paper/paper508.jpg,paper,train
trashnet/data/dataset-resized/plastic/plastic223.jpg,plastic,train
trashnet/data/dataset-resized/paper/paper484.jpg,paper,train
trashnet/data/dataset-resized/cardboard/cardboard53.jpg,cardboard,train
trashnet/data/dataset-resized/glass/glass418.jpg,glass,train
trashnet/data/dataset-resized/metal/metal38.jpg,metal,train
trashnet/data/dataset-resized/paper/paper285.jpg,paper,train
trashnet/data/dataset-resized/cardboard/cardboard207.jpg,cardboard,train
trashnet/data/dataset-resized/metal/metal103.jpg,metal,train
trashnet/data/dataset-resized/paper/paper583.jpg,paper,train
trashnet/data/dataset-resized/metal/metal383.jpg,metal,train
trashnet/data/dataset-resized/glass/glass33.jpg,glass,train
trashnet/data/dataset-resized/glass/glass343.jpg,glass,train
trashnet/data/dataset-resized/cardboard/cardboard96.jpg,cardboard,train
trashnet/data/dataset-resized/plastic/plastic107.jpg,plastic,train
trashnet/data/dataset-resized/metal/metal277.jpg,metal,train
trashnet/data/dataset-resized/glass/glass458.jpg,glass,train
trashnet/data/dataset-resized/cardboard/cardboard316.jpg,cardboard,train
trashnet/data/dataset-resized/metal/metal270.jpg,metal,train
trashnet/data/dataset-resized/paper/paper393.jpg,paper,train
trashnet/data/dataset-resized/glass/glass306.jpg,glass,train
trashnet/data/dataset-resized/plastic/plastic132.jpg,plastic,train
trashnet/data/dataset-resized/glass/glass247.jpg,glass,train
trashnet/data/dataset-resized/cardboard/cardboard100.jpg,cardboard,train
trashnet/data/dataset-resized/glass/glass431.jpg,glass,train
trashnet/data/dataset-resized/cardboard/cardboard223.jpg,cardboard,train
trashnet/data/dataset-resized/paper/paper548.jpg,paper,train
trashnet/data/dataset-resized/glass/glass5.jpg,glass,train
trashnet/data/dataset-resized/cardboard/cardboard97.jpg,cardboard,train
trashnet/data/dataset-resized/glass/glass251.jpg,glass,train
trashnet/data/dataset-resized/glass/glass322.jpg,glass,train
trashnet/data/dataset-resized/paper/paper254.jpg,paper,train
trashnet/data/dataset-resized/glass/glass378.jpg,glass,train
trashnet/data/dataset-resized/glass/glass339.jpg,glass,train
trashnet/data/dataset-resized/paper/paper8.jpg,paper,train
trashnet/data/dataset-resized/metal/metal148.jpg,metal,train
trashnet/data/dataset-resized/glass/glass84.jpg,glass,train
trashnet/data/dataset-resized/paper/paper89.jpg,paper,train
trashnet/data/dataset-resized/cardboard/cardboard280.jpg,cardboard,train
trashnet/data/dataset-resized/trash/trash79.jpg,trash,train
trashnet/data/dataset-resized/plastic/plastic296.jpg,plastic,train
trashnet/data/dataset-resized/plastic/plastic38.jpg,plastic,train
trashnet/data/dataset-resized/paper/paper431.jpg,paper,train
trashnet/data/dataset-resized/cardboard/cardboard193.jpg,cardboard,train
trashnet/data/dataset-resized/plastic/plastic381.jpg,plastic,train
trashnet/data/dataset-resized/metal/metal309.jpg,metal,train
trashnet/data/dataset-resized/glass/glass363.jpg,glass,train
trashnet/data/dataset-resized/plastic/plastic13.jpg,plastic,train
trashnet/data/dataset-resized/paper/paper405.jpg,paper,train
trashnet/data/dataset-resized/glass/glass18.jpg,glass,train
trashnet/data/dataset-resized/cardboard/cardboard292.jpg,cardboard,train
trashnet/data/dataset-resized/glass/glass471.jpg,glass,train
trashnet/data/dataset-resized/cardboard/cardboard111.jpg,cardboard,train
trashnet/data/dataset-resized/paper/paper532.jpg,paper,train
trashnet/data/dataset-resized/cardboard/cardboard102.jpg,cardboard,train
trashnet/data/dataset-resized/plastic/plastic234.jpg,plastic,train
trashnet/data/dataset-resized/glass/glass137.jpg,glass,train
trashnet/data/dataset-resized/glass/glass282.jpg,glass,train
trashnet/data/dataset-resized/glass/glass340.jpg,glass,train
trashnet/data/dataset-resized/plastic/plastic207.jpg,plastic,train
trashnet/data/dataset-resized/plastic/plastic480.jpg,plastic,train
trashnet/data/dataset-resized/glass/glass118.jpg,glass,train
trashnet/data/dataset-resized/paper/paper525.jpg,paper,train
trashnet/data/dataset-resized/glass/glass488.jpg,glass,train
trashnet/data/dataset-resized/metal/metal362.jpg,metal,train
trashnet/data/dataset-resized/glass/glass321.jpg,glass,train
trashnet/data/dataset-resized/paper/paper77.jpg,paper,train
trashnet/data/dataset-resized/plastic/plastic43.jpg,plastic,train
trashnet/data/dataset-resized/glass/glass147.jpg,glass,train
trashnet/data/dataset-resized/glass/glass169.jpg,glass,train
trashnet/data/dataset-resized/glass/glass101.jpg,glass,train
trashnet/data/dataset-resized/metal/metal336.jpg,metal,train
trashnet/data/dataset-resized/glass/glass56.jpg,glass,train
trashnet/data/dataset-resized/glass/glass443.jpg,glass,train
trashnet/data/dataset-resized/paper/paper180.jpg,paper,train
trashnet/data/dataset-resized/paper/paper168.jpg,paper,train
trashnet/data/dataset-resized/paper/paper282.jpg,paper,train
trashnet/data/dataset-resized/cardboard/cardboard34.jpg,cardboard,train
trashnet/data/dataset-resized/plastic/plastic169.jpg,plastic,train
trashnet/data/dataset-resized/cardboard/cardboard165.jpg,cardboard,train
trashnet/data/dataset-resized/plastic/plastic441.jpg,plastic,train
trashnet/data/dataset-resized/cardboard/cardboard99.jpg,cardboard,train
trashnet/data/dataset-resized/metal/metal214.jpg,metal,train
trashnet/data/dataset-resized/glass/glass335.jpg,glass,train
trashnet/data/dataset-resized/cardboard/cardboard298.jpg,cardboard,train
trashnet/data/dataset-resized/paper/paper463.jpg,paper,train
trashnet/data/dataset-resized/paper/paper359.jpg,paper,train
trashnet/data/dataset-resized/paper/paper208.jpg,paper,train
trashnet/data/dataset-resized/metal/metal364.jpg,metal,train
trashnet/data/dataset-resized/plastic/plastic405.jpg,plastic,train
trashnet/data/dataset-resized/metal/metal391.jpg,metal,train
trashnet/data/dataset-resized/plastic/plastic243.jpg,plastic,train
trashnet/data/dataset-resized/metal/metal194.jpg,metal,train
trashnet/data/dataset-resized/cardboard/cardboard237.jpg,cardboard,train
trashnet/data/dataset-resized/metal/metal385.jpg,metal,train
trashnet/data/dataset-resized/cardboard/cardboard319.jpg,cardboard,train
trashnet/data/dataset-resized/glass/glass1.jpg,glass,train
trashnet/data/dataset-resized/paper/paper318.jpg,paper,train
trashnet/data/dataset-resized/metal/metal5.jpg,metal,train
trashnet/data/dataset-resized/glass/glass338.jpg,glass,train
trashnet/data/dataset-resized/cardboard/cardboard274.jpg,cardboard,train
trashnet/data/dataset-resized/plastic/plastic155.jpg,plastic,train
trashnet/data/dataset-resized/plastic/plastic409.jpg,plastic,train
trashnet/data/dataset-resized/metal/metal104.jpg,metal,train
trashnet/data/dataset-resized/glass/glass75.jpg,glass,train
trashnet/data/dataset-resized/cardboard/cardboard347.jpg,cardboard,train
trashnet/data/dataset-resized/plastic/plastic252.jpg,plastic,train
trashnet/data/dataset-resized/cardboard/cardboard350.jpg,cardboard,train
trashnet/data/dataset-resized/metal/metal69.jpg,metal,train
trashnet/data/dataset-resized/trash/trash74.jpg,trash,train
trashnet/data/dataset-resized/plastic/plastic467.jpg,plastic,train
trashnet/data/dataset-resized/trash/trash10.jpg,trash,train
trashnet/data/dataset-resized/glass/glass366.jpg,glass,train
trashnet/data/dataset-resized/metal/metal106.jpg,metal,train
trashnet/data/dataset-resized/plastic/plastic274.jpg,plastic,train
trashnet/data/dataset-resized/paper/paper546.jpg,paper,train
trashnet/data/dataset-resized/metal/metal300.jpg,metal,train
trashnet/data/dataset-resized/glass/glass454.jpg,glass,train
trashnet/data/dataset-resized/trash/trash104.jpg,trash,train
trashnet/data/dataset-resized/plastic/plastic278.jpg,plastic,train
trashnet/data/dataset-resized/plastic/plastic307.jpg,plastic,train
trashnet/data/dataset-resized/trash/trash119.jpg,trash,train
trashnet/data/dataset-resized/paper/paper363.jpg,paper,train
trashnet/data/dataset-resized/metal/metal256.jpg,metal,train
trashnet/data/dataset-resized/glass/glass409.jpg,glass,train
trashnet/data/dataset-resized/plastic/plastic235.jpg,plastic,train
trashnet/data/dataset-resized/metal/metal358.jpg,metal,train
trashnet/data/dataset-resized/metal/metal94.jpg,metal,train
trashnet/data/dataset-resized/paper/paper205.jpg,paper,train
trashnet/data/dataset-resized/paper/paper337.jpg,paper,train
trashnet/data/dataset-resized/paper/paper443.jpg,paper,train
trashnet/data/dataset-resized/metal/metal49.jpg,metal,train
trashnet/data/dataset-resized/metal/metal266.jpg,metal,train
trashnet/data/dataset-resized/plastic/plastic422.jpg,plastic,train
trashnet/data/dataset-resized/glass/glass295.jpg,glass,train
trashnet/data/dataset-resized/cardboard/cardboard153.jpg,cardboard,train
trashnet/data/dataset-resized/metal/metal89.jpg,metal,train
trashnet/data/dataset-resized/paper/paper533.jpg,paper,train
trashnet/data/dataset-resized/metal/metal57.jpg,metal,train
trashnet/data/dataset-resized/cardboard/cardboard3.jpg,cardboard,train
trashnet/data/dataset-resized/plastic/plastic384.jpg,plastic,train
trashnet/data/dataset-resized/glass/glass407.jpg,glass,train
trashnet/data/dataset-resized/paper/paper452.jpg,paper,train
trashnet/data/dataset-resized/paper/paper54.jpg,paper,train
trashnet/data/dataset-resized/glass/glass121.jpg,glass,train
trashnet/data/dataset-resized/plastic/plastic208.jpg,plastic,train
trashnet/data/dataset-resized/metal/metal162.jpg,metal,train
trashnet/data/dataset-resized/glass/glass145.jpg,glass,train
trashnet/data/dataset-resized/metal/metal126.jpg,metal,train
trashnet/data/dataset-resized/cardboard/cardboard119.jpg,cardboard,train
trashnet/data/dataset-resized/paper/paper496.jpg,paper,train
trashnet/data/dataset-resized/cardboard/cardboard185.jpg,cardboard,train
trashnet/data/dataset-resized/trash/trash122.jpg,trash,train
trashnet/data/dataset-resized/trash/trash71.jpg,trash,train
trashnet/data/dataset-resized/metal/metal234.jpg,metal,train
trashnet/data/dataset-resized/plastic/plastic40.jpg,plastic,train
trashnet/data/dataset-resized/plastic/plastic280.jpg,plastic,train
trashnet/data/dataset-resized/cardboard/cardboard37.jpg,cardboard,train
trashnet/data/dataset-resized/cardboard/cardboard117.jpg,cardboard,train
trashnet/data/dataset-resized/trash/trash49.jpg,trash,train
trashnet/data/dataset-resized/cardboard/cardboard346.jpg,cardboard,train
trashnet/data/dataset-resized/glass/glass117.jpg,glass,train
trashnet/data/dataset-resized/paper/paper32.jpg,paper,train
trashnet/data/dataset-resized/metal/metal18.jpg,metal,train
trashnet/data/dataset-resized/paper/paper247.jpg,paper,train
trashnet/data/dataset-resized/cardboard/cardboard334.jpg,cardboard,train
trashnet/data/dataset-resized/glass/glass179.jpg,glass,train
trashnet/data/dataset-resized/cardboard/cardboard366.jpg,cardboard,train
trashnet/data/dataset-resized/paper/paper258.jpg,paper,train
trashnet/data/dataset-resized/paper/paper563.jpg,paper,train
trashnet/data/dataset-resized/paper/paper143.jpg,paper,train
trashnet/data/dataset-resized/paper/paper279.jpg,paper,train
trashnet/data/dataset-resized/plastic/plastic245.jpg,plastic,train
trashnet/data/dataset-resized/glass/glass138.jpg,glass,train
trashnet/data/dataset-resized/metal/metal386.jpg,metal,train
trashnet/data/dataset-resized/paper/paper474.jpg,paper,train
trashnet/data/dataset-resized/metal/metal66.jpg,metal,train
trashnet/data/dataset-resized/paper/paper300.jpg,paper,train
trashnet/data/dataset-resized/glass/glass397.jpg,glass,train
trashnet/data/dataset-resized/paper/paper12.jpg,paper,train
trashnet/data/dataset-resized/trash/trash68.jpg,trash,train
trashnet/data/dataset-resized/trash/trash90.jpg,trash,train
trashnet/data/dataset-resized/plastic/plastic438.jpg,plastic,train
trashnet/data/dataset-resized/metal/metal280.jpg,metal,train
trashnet/data/dataset-resized/glass/glass197.jpg,glass,train
trashnet/data/dataset-resized/plastic/plastic373.jpg,plastic,train
trashnet/data/dataset-resized/metal/metal196.jpg,metal,train
trashnet/data/dataset-resized/paper/paper470.jpg,paper,train
trashnet/data/dataset-resized/paper/paper292.jpg,paper,train
trashnet/data/dataset-resized/paper/paper492.jpg,paper,train
trashnet/data/dataset-resized/plastic/plastic424.jpg,plastic,train
trashnet/data/dataset-resized/glass/glass269.jpg,glass,train
trashnet/data/dataset-resized/paper/paper371.jpg,paper,train
trashnet/data/dataset-resized/paper/paper39.jpg,paper,train
trashnet/data/dataset-resized/metal/metal186.jpg,metal,train
trashnet/data/dataset-resized/glass/glass194.jpg,glass,train
trashnet/data/dataset-resized/cardboard/cardboard140.jpg,cardboard,train
trashnet/data/dataset-resized/plastic/plastic173.jpg,plastic,train
trashnet/data/dataset-resized/metal/metal219.jpg,metal,train
trashnet/data/dataset-resized/cardboard/cardboard330.jpg,cardboard,train
trashnet/data/dataset-resized/paper/paper82.jpg,paper,train
trashnet/data/dataset-resized/cardboard/cardboard327.jpg,cardboard,train
trashnet/data/dataset-resized/glass/glass172.jpg,glass,train
trashnet/data/dataset-resized/cardboard/cardboard95.jpg,cardboard,train
trashnet/data/dataset-resized/plastic/plastic1.jpg,plastic,train
trashnet/data/dataset-resized/metal/metal398.jpg,metal,train
trashnet/data/dataset-resized/metal/metal407.jpg,metal,train
trashnet/data/dataset-resized/plastic/plastic392.jpg,plastic,train
trashnet/data/dataset-resized/paper/paper398.jpg,paper,train
trashnet/data/dataset-resized/plastic/plastic83.jpg,plastic,train
trashnet/data/dataset-resized/glass/glass50.jpg,glass,train
trashnet/data/dataset-resized/plastic/plastic191.jpg,plastic,train
trashnet/data/dataset-resized/glass/glass501.jpg,glass,train
trashnet/data/dataset-resized/paper/paper222.jpg,paper,train
trashnet/data/dataset-resized/glass/glass428.jpg,glass,train
trashnet/data/dataset-resized/glass/glass221.jpg,glass,train
trashnet/data/dataset-resized/paper/paper119.jpg,paper,train
trashnet/data/dataset-resized/trash/trash25.jpg,trash,train
trashnet/data/dataset-resized/plastic/plastic170.jpg,plastic,train
trashnet/data/dataset-resized/paper/paper9.jpg,paper,train
trashnet/data/dataset-resized/paper/paper271.jpg,paper,train
trashnet/data/dataset-resized/cardboard/cardboard105.jpg,cardboard,train
trashnet/data/dataset-resized/paper/paper403.jpg,paper,train
trashnet/data/dataset-resized/cardboard/cardboard240.jpg,cardboard,train
trashnet/data/dataset-resized/cardboard/cardboard46.jpg,cardboard,train
trashnet/data/dataset-resized/glass/glass166.jpg,glass,train
trashnet/data/dataset-resized/metal/metal382.jpg,metal,train
trashnet/data/dataset-resized/metal/metal246.jpg,metal,train
trashnet/data/dataset-resized/plastic/plastic320.jpg,plastic,train
trashnet/data/dataset-resized/paper/paper19.jpg,paper,train
trashnet/data/dataset-resized/cardboard/cardboard32.jpg,cardboard,train
trashnet/data/dataset-resized/paper/paper203.jpg,paper,train
trashnet/data/dataset-resized/glass/glass244.jpg,glass,train
trashnet/data/dataset-resized/plastic/plastic99.jpg,plastic,train
trashnet/data/dataset-resized/paper/paper84.jpg,paper,train
trashnet/data/dataset-resized/plastic/plastic116.jpg,plastic,train
trashnet/data/dataset-resized/cardboard/cardboard49.jpg,cardboard,train
trashnet/data/dataset-resized/metal/metal60.jpg,metal,train
trashnet/data/dataset-resized/paper/paper485.jpg,paper,train
trashnet/data/dataset-resized/paper/paper567.jpg,paper,train
trashnet/data/dataset-resized/paper/paper268.jpg,paper,train
trashnet/data/dataset-resized/paper/paper528.jpg,paper,train
trashnet/data/dataset-resized/glass/glass420.jpg,glass,train
trashnet/data/dataset-resized/paper/paper442.jpg,paper,train
trashnet/data/dataset-resized/plastic/plastic350.jpg,plastic,train
trashnet/data/dataset-resized/plastic/plastic70.jpg,plastic,train
trashnet/data/dataset-resized/plastic/plastic400.jpg,plastic,train
trashnet/data/dataset-resized/paper/paper356.jpg,paper,train
trashnet/data/dataset-resized/cardboard/cardboard219.jpg,cardboard,train
trashnet/data/dataset-resized/paper/paper565.jpg,paper,train
trashnet/data/dataset-resized/glass/glass246.jpg,glass,train
trashnet/data/dataset-resized/glass/glass173.jpg,glass,train
trashnet/data/dataset-resized/glass/glass382.jpg,glass,train
trashnet/data/dataset-resized/cardboard/cardboard51.jpg,cardboard,train
trashnet/data/dataset-resized/trash/trash38.jpg,trash,train
trashnet/data/dataset-resized/paper/paper556.jpg,paper,train
trashnet/data/dataset-resized/glass/glass484.jpg,glass,train
trashnet/data/dataset-resized/plastic/plastic29.jpg,plastic,train
trashnet/data/dataset-resized/paper/paper587.jpg,paper,train
trashnet/data/dataset-resized/cardboard/cardboard348.jpg,cardboard,train
trashnet/data/dataset-resized/paper/paper367.jpg,paper,train
trashnet/data/dataset-resized/paper/paper575.jpg,paper,train
trashnet/data/dataset-resized/paper/paper375.jpg,paper,train
trashnet/data/dataset-resized/cardboard/cardboard310.jpg,cardboard,train
trashnet/data/dataset-resized/trash/trash61.jpg,trash,train
trashnet/data/dataset-resized/plastic/plastic351.jpg,plastic,train
trashnet/data/dataset-resized/paper/paper574.jpg,paper,train
trashnet/data/dataset-resized/glass/glass44.jpg,glass,train
trashnet/data/dataset-resized/plastic/plastic19.jpg,plastic,train
trashnet/data/dataset-resized/metal/metal136.jpg,metal,train
trashnet/data/dataset-resized/paper/paper26.jpg,paper,train
trashnet/data/dataset-resized/plastic/plastic98.jpg,plastic,train
trashnet/data/dataset-resized/paper/paper360.jpg,paper,train
trashnet/data/dataset-resized/glass/glass493.jpg,glass,train
trashnet/data/dataset-resized/plastic/plastic453.jpg,plastic,train
trashnet/data/dataset-resized/paper/paper60.jpg,paper,train
trashnet/data/dataset-resized/cardboard/cardboard372.jpg,cardboard,train
trashnet/data/dataset-resized/plastic/plastic481.jpg,plastic,train
trashnet/data/dataset-resized/paper/paper113.jpg,paper,train
trashnet/data/dataset-resized/glass/glass283.jpg,glass,train
trashnet/data/dataset-resized/cardboard/cardboard130.jpg,cardboard,train
trashnet/data/dataset-resized/paper/paper114.jpg,paper,train
trashnet/data/dataset-resized/paper/paper547.jpg,paper,train
trashnet/data/dataset-resized/paper/paper103.jpg,paper,train
trashnet/data/dataset-resized/paper/paper517.jpg,paper,train
trashnet/data/dataset-resized/plastic/plastic129.jpg,plastic,train
trashnet/data/dataset-resized/cardboard/cardboard60.jpg,cardboard,train
trashnet/data/dataset-resized/paper/paper250.jpg,paper,train
trashnet/data/dataset-resized/glass/glass451.jpg,glass,train
trashnet/data/dataset-resized/cardboard/cardboard19.jpg,cardboard,train
trashnet/data/dataset-resized/cardboard/cardboard363.jpg,cardboard,train
trashnet/data/dataset-resized/metal/metal93.jpg,metal,train
trashnet/data/dataset-resized/glass/glass297.jpg,glass,train
trashnet/data/dataset-resized/metal/metal59.jpg,metal,train
trashnet/data/dataset-resized/plastic/plastic179.jpg,plastic,train
trashnet/data/dataset-resized/glass/glass16.jpg,glass,train
trashnet/data/dataset-resized/cardboard/cardboard339.jpg,cardboard,train
trashnet/data/dataset-resized/glass/glass225.jpg,glass,train
trashnet/data/dataset-resized/paper/paper281.jpg,paper,train
trashnet/data/dataset-resized/cardboard/cardboard13.jpg,cardboard,train
trashnet/data/dataset-resized/plastic/plastic36.jpg,plastic,train
trashnet/data/dataset-resized/plastic/plastic96.jpg,plastic,train
trashnet/data/dataset-resized/plastic/plastic172.jpg,plastic,train
trashnet/data/dataset-resized/plastic/plastic466.jpg,plastic,train
trashnet/data/dataset-resized/glass/glass476.jpg,glass,train
trashnet/data/dataset-resized/glass/glass27.jpg,glass,train
trashnet/data/dataset-resized/trash/trash110.jpg,trash,train
trashnet/data/dataset-resized/cardboard/cardboard257.jpg,cardboard,train
trashnet/data/dataset-resized/glass/glass206.jpg,glass,train
trashnet/data/dataset-resized/trash/trash88.jpg,trash,train
trashnet/data/dataset-resized/plastic/plastic293.jpg,plastic,train
trashnet/data/dataset-resized/metal/metal395.jpg,metal,train
trashnet/data/dataset-resized/glass/glass357.jpg,glass,train
trashnet/data/dataset-resized/plastic/plastic227.jpg,plastic,train
trashnet/data/dataset-resized/cardboard/cardboard107.jpg,cardboard,train
trashnet/data/dataset-resized/metal/metal87.jpg,metal,train
trashnet/data/dataset-resized/glass/glass263.jpg,glass,train
trashnet/data/dataset-resized/cardboard/cardboard113.jpg,cardboard,train
trashnet/data/dataset-resized/cardboard/cardboard125.jpg,cardboard,train
trashnet/data/dataset-resized/cardboard/cardboard232.jpg,cardboard,train
trashnet/data/dataset-resized/metal/metal367.jpg,metal,train
trashnet/data/dataset-resized/metal/metal121.jpg,metal,train
trashnet/data/dataset-resized/cardboard/cardboard397.jpg,cardboard,train
trashnet/data/dataset-resized/plastic/plastic317.jpg,plastic,train
trashnet/data/dataset-resized/glass/glass39.jpg,glass,train
trashnet/data/dataset-resized/plastic/plastic262.jpg,plastic,train
trashnet/data/dataset-resized/metal/metal366.jpg,metal,train
trashnet/data/dataset-resized/paper/paper479.jpg,paper,train
trashnet/data/dataset-resized/plastic/plastic327.jpg,plastic,train
trashnet/data/dataset-resized/trash/trash103.jpg,trash,train
trashnet/data/dataset-resized/plastic/plastic138.jpg,plastic,train
trashnet/data/dataset-resized/paper/paper132.jpg,paper,train
trashnet/data/dataset-resized/paper/paper149.jpg,paper,train
trashnet/data/dataset-resized/metal/metal149.jpg,metal,train
trashnet/data/dataset-resized/glass/glass449.jpg,glass,train
trashnet/data/dataset-resized/cardboard/cardboard287.jpg,cardboard,train
trashnet/data/dataset-resized/plastic/plastic275.jpg,plastic,train
trashnet/data/dataset-resized/paper/paper81.jpg,paper,train
trashnet/data/dataset-resized/plastic/plastic204.jpg,plastic,train
trashnet/data/dataset-resized/cardboard/cardboard80.jpg,cardboard,train
trashnet/data/dataset-resized/metal/metal90.jpg,metal,train
trashnet/data/dataset-resized/cardboard/cardboard380.jpg,cardboard,train
trashnet/data/dataset-resized/metal/metal16.jpg,metal,train
trashnet/data/dataset-resized/plastic/plastic367.jpg,plastic,train
trashnet/data/dataset-resized/trash/trash27.jpg,trash,train
trashnet/data/dataset-resized/paper/paper362.jpg,paper,train
trashnet/data/dataset-resized/glass/glass175.jpg,glass,train
trashnet/data/dataset-resized/metal/metal313.jpg,metal,train
trashnet/data/dataset-resized/plastic/plastic125.jpg,plastic,train
trashnet/data/dataset-resized/paper/paper561.jpg,paper,train
trashnet/data/dataset-resized/cardboard/cardboard83.jpg,cardboard,train
trashnet/data/dataset-resized/metal/metal344.jpg,metal,train
trashnet/data/dataset-resized/glass/glass262.jpg,glass,train
trashnet/data/dataset-resized/trash/trash15.jpg,trash,train
trashnet/data/dataset-resized/cardboard/cardboard311.jpg,cardboard,train
trashnet/data/dataset-resized/plastic/plastic393.jpg,plastic,train
trashnet/data/dataset-resized/paper/paper339.jpg,paper,train
trashnet/data/dataset-resized/cardboard/cardboard222.jpg,cardboard,train
trashnet/data/dataset-resized/metal/metal295.jpg,metal,train
trashnet/data/dataset-resized/glass/glass280.jpg,glass,train
trashnet/data/dataset-resized/glass/glass59.jpg,glass,train
trashnet/data/dataset-resized/paper/paper438.jpg,paper,train
trashnet/data/dataset-resized/metal/metal6.jpg,metal,train
trashnet/data/dataset-resized/trash/trash63.jpg,trash,train
trashnet/data/dataset-resized/paper/paper516.jpg,paper,train
trashnet/data/dataset-resized/glass/glass436.jpg,glass,train
trashnet/data/dataset-resized/cardboard/cardboard5.jpg,cardboard,train
trashnet/data/dataset-resized/trash/trash91.jpg,trash,train
trashnet/data/dataset-resized/metal/metal211.jpg,metal,train
trashnet/data/dataset-resized/glass/glass406.jpg,glass,train
trashnet/data/dataset-resized/metal/metal233.jpg,metal,train
trashnet/data/dataset-resized/plastic/plastic439.jpg,plastic,train
trashnet/data/dataset-resized/metal/metal350.jpg,metal,train
trashnet/data/dataset-resized/trash/trash23.jpg,trash,train
trashnet/data/dataset-resized/cardboard/cardboard309.jpg,cardboard,train
trashnet/data/dataset-resized/glass/glass41.jpg,glass,train
trashnet/data/dataset-resized/metal/metal345.jpg,metal,train
trashnet/data/dataset-resized/cardboard/cardboard252.jpg,cardboard,train
trashnet/data/dataset-resized/cardboard/cardboard147.jpg,cardboard,train
trashnet/data/dataset-resized/glass/glass242.jpg,glass,train
trashnet/data/dataset-resized/cardboard/cardboard321.jpg,cardboard,train
trashnet/data/dataset-resized/cardboard/cardboard325.jpg,cardboard,train
trashnet/data/dataset-resized/plastic/plastic418.jpg,plastic,train
trashnet/data/dataset-resized/plastic/plastic448.jpg,plastic,train
trashnet/data/dataset-resized/metal/metal262.jpg,metal,train
trashnet/data/dataset-resized/plastic/plastic82.jpg,plastic,train
trashnet/data/dataset-resized/plastic/plastic258.jpg,plastic,train
trashnet/data/dataset-resized/paper/paper343.jpg,paper,train
trashnet/data/dataset-resized/paper/paper327.jpg,paper,train
trashnet/data/dataset-resized/glass/glass31.jpg,glass,train
trashnet/data/dataset-resized/paper/paper324.jpg,paper,train
trashnet/data/dataset-resized/glass/glass66.jpg,glass,train
trashnet/data/dataset-resized/paper/paper261.jpg,paper,train
trashnet/data/dataset-resized/glass/glass316.jpg,glass,train
trashnet/data/dataset-resized/plastic/plastic460.jpg,plastic,train
trashnet/data/dataset-resized/paper/paper388.jpg,paper,train
trashnet/data/dataset-resized/plastic/plastic9.jpg,plastic,train
trashnet/data/dataset-resized/paper/paper253.jpg,paper,train
trashnet/data/dataset-resized/glass/glass86.jpg,glass,train
trashnet/data/dataset-resized/paper/paper46.jpg,paper,train
trashnet/data/dataset-resized/plastic/plastic452.jpg,plastic,train
trashnet/data/dataset-resized/plastic/plastic73.jpg,plastic,train
trashnet/data/dataset-resized/cardboard/cardboard271.jpg,cardboard,train
trashnet/data/dataset-resized/plastic/plastic186.jpg,plastic,train
trashnet/data/dataset-resized/glass/glass384.jpg,glass,train
trashnet/data/dataset-resized/plastic/plastic362.jpg,plastic,train
trashnet/data/dataset-resized/glass/glass63.jpg,glass,train
trashnet/data/dataset-resized/metal/metal402.jpg,metal,train
trashnet/data/dataset-resized/paper/paper129.jpg,paper,validation
trashnet/data/dataset-resized/glass/glass344.jpg,glass,validation
trashnet/data/dataset-resized/paper/paper269.jpg,paper,validation
trashnet/data/dataset-resized/plastic/plastic482.jpg,plastic,validation
trashnet/data/dataset-resized/plastic/plastic396.jpg,plastic,validation
trashnet/data/dataset-resized/glass/glass142.jpg,glass,validation
trashnet/data/dataset-resized/paper/paper211.jpg,paper,validation
trashnet/data/dataset-resized/paper/paper421.jpg,paper,validation
trashnet/data/dataset-resized/glass/glass442.jpg,glass,validation
trashnet/data/dataset-resized/paper/paper562.jpg,paper,validation
trashnet/data/dataset-resized/cardboard/cardboard333.jpg,cardboard,validation
trashnet/data/dataset-resized/glass/glass209.jpg,glass,validation
trashnet/data/dataset-resized/glass/glass430.jpg,glass,validation
trashnet/data/dataset-resized/glass/glass448.jpg,glass,validation
trashnet/data/dataset-resized/plastic/plastic168.jpg,plastic,validation
trashnet/data/dataset-resized/plastic/plastic386.jpg,plastic,validation
trashnet/data/dataset-resized/metal/metal271.jpg,metal,validation
trashnet/data/dataset-resized/cardboard/cardboard47.jpg,cardboard,validation
trashnet/data/dataset-resized/paper/paper61.jpg,paper,validation
trashnet/data/dataset-resized/plastic/plastic10.jpg,plastic,validation
trashnet/data/dataset-resized/glass/glass11.jpg,glass,validation
trashnet/data/dataset-resized/glass/glass78.jpg,glass,validation
trashnet/data/dataset-resized/plastic/plastic474.jpg,plastic,validation
trashnet/data/dataset-resized/cardboard/cardboard42.jpg,cardboard,validation
trashnet/data/dataset-resized/paper/paper47.jpg,paper,validation
trashnet/data/dataset-resized/paper/paper329.jpg,paper,validation
trashnet/data/dataset-resized/metal/metal176.jpg,metal,validation
trashnet/data/dataset-resized/glass/glass423.jpg,glass,validation
trashnet/data/dataset-resized/plastic/plastic419.jpg,plastic,validation
trashnet/data/dataset-resized/metal/metal305.jpg,metal,validation
trashnet/data/dataset-resized/plastic/plastic389.jpg,plastic,validation
trashnet/data/dataset-resized/trash/trash29.jpg,trash,validation
trashnet/data/dataset-resized/metal/metal151.jpg,metal,validation
trashnet/data/dataset-resized/cardboard/cardboard55.jpg,cardboard,validation
trashnet/data/dataset-resized/plastic/plastic318.jpg,plastic,validation
trashnet/data/dataset-resized/glass/glass79.jpg,glass,validation
trashnet/data/dataset-resized/glass/glass383.jpg,glass,validation
trashnet/data/dataset-resized/cardboard/cardboard299.jpg,cardboard,validation
trashnet/data/dataset-resized/glass/glass293.jpg,glass,validation
trashnet/data/dataset-resized/glass/glass233.jpg,glass,validation
trashnet/data/dataset-resized/metal/metal323.jpg,metal,validation
trashnet/data/dataset-resized/trash/trash45.jpg,trash,validation
trashnet/data/dataset-resized/glass/glass143.jpg,glass,validation
trashnet/data/dataset-resized/cardboard/cardboard283.jpg,cardboard,validation
trashnet/data/dataset-resized/glass/glass112.jpg,glass,validation
trashnet/data/dataset-resized/metal/metal63.jpg,metal,validation
trashnet/data/dataset-resized/metal/metal316.jpg,metal,validation
trashnet/data/dataset-resized/cardboard/cardboard371.jpg,cardboard,validation
trashnet/data/dataset-resized/glass/glass162.jpg,glass,validation
trashnet/data/dataset-resized/glass/glass328.jpg,glass,validation
trashnet/data/dataset-resized/metal/metal47.jpg,metal,validation
trashnet/data/dataset-resized/cardboard/cardboard23.jpg,cardboard,validation
trashnet/data/dataset-resized/metal/metal242.jpg,metal,validation
trashnet/data/dataset-resized/paper/paper73.jpg,paper,validation
trashnet/data/dataset-resized/cardboard/cardboard211.jpg,cardboard,validation
trashnet/data/dataset-resized/plastic/plastic416.jpg,plastic,validation
trashnet/data/dataset-resized/plastic/plastic45.jpg,plastic,validation
trashnet/data/dataset-resized/glass/glass40.jpg,glass,validation
trashnet/data/dataset-resized/paper/paper264.jpg,paper,validation
trashnet/data/dataset-resized/metal/metal298.jpg,metal,validation
trashnet/data/dataset-resized/paper/paper92.jpg,paper,validation
trashnet/data/dataset-resized/paper/paper447.jpg,paper,validation
trashnet/data/dataset-resized/glass/glass122.jpg,glass,validation
trashnet/data/dataset-resized/metal/metal286.jpg,metal,validation
trashnet/data/dataset-resized/glass/glass167.jpg,glass,validation
trashnet/data/dataset-resized/plastic/plastic406.jpg,plastic,validation
trashnet/data/dataset-resized/paper/paper251.jpg,paper,validation
trashnet/data/dataset-resized/glass/glass111.jpg,glass,validation
trashnet/data/dataset-resized/plastic/plastic382.jpg,plastic,validation
trashnet/data/dataset-resized/metal/metal259.jpg,metal,validation
trashnet/data/dataset-resized/plastic/plastic247.jpg,plastic,validation
trashnet/data/dataset-resized/trash/trash89.jpg,trash,validation
trashnet/data/dataset-resized/plastic/plastic229.jpg,plastic,validation
trashnet/data/dataset-resized/plastic/plastic250.jpg,plastic,validation
trashnet/data/dataset-resized/cardboard/cardboard168.jpg,cardboard,validation
trashnet/data/dataset-resized/glass/glass286.jpg,glass,validation
trashnet/data/dataset-resized/plastic/plastic291.jpg,plastic,validation
trashnet/data/dataset-resized/glass/glass264.jpg,glass,validation
trashnet/data/dataset-resized/metal/metal235.jpg,metal,validation
trashnet/data/dataset-resized/plastic/plastic273.jpg,plastic,validation
trashnet/data/dataset-resized/paper/paper154.jpg,paper,validation
trashnet/data/dataset-resized/plastic/plastic336.jpg,plastic,validation
trashnet/data/dataset-resized/metal/metal41.jpg,metal,validation
trashnet/data/dataset-resized/metal/metal173.jpg,metal,validation
trashnet/data/dataset-resized/metal/metal108.jpg,metal,validation
trashnet/data/dataset-resized/paper/paper209.jpg,paper,validation
trashnet/data/dataset-resized/plastic/plastic218.jpg,plastic,validation
trashnet/data/dataset-resized/metal/metal239.jpg,metal,validation
trashnet/data/dataset-resized/trash/trash135.jpg,trash,validation
trashnet/data/dataset-resized/plastic/plastic161.jpg,plastic,validation
trashnet/data/dataset-resized/plastic/plastic54.jpg,plastic,validation
trashnet/data/dataset-resized/plastic/plastic177.jpg,plastic,validation
trashnet/data/dataset-resized/plastic/plastic395.jpg,plastic,validation
trashnet/data/dataset-resized/cardboard/cardboard29.jpg,cardboard,validation
trashnet/data/dataset-resized/plastic/plastic119.jpg,plastic,validation
trashnet/data/dataset-resized/plastic/plastic117.jpg,plastic,validation
trashnet/data/dataset-resized/paper/paper389.jpg,paper,validation
trashnet/data/dataset-resized/metal/metal95.jpg,metal,validation
trashnet/data/dataset-resized/plastic/plastic376.jpg,plastic,validation
trashnet/data/dataset-resized/metal/metal260.jpg,metal,validation
trashnet/data/dataset-resized/metal/metal289.jpg,metal,validation
trashnet/data/dataset-resized/paper/paper160.jpg,paper,validation
trashnet/data/dataset-resized/metal/metal210.jpg,metal,validation
trashnet/data/dataset-resized/glass/glass496.jpg,glass,validation
trashnet/data/dataset-resized/glass/glass243.jpg,glass,validation
trashnet/data/dataset-resized/trash/trash48.jpg,trash,validation
trashnet/data/dataset-resized/glass/glass116.jpg,glass,validation
trashnet/data/dataset-resized/plastic/plastic185.jpg,plastic,validation
trashnet/data/dataset-resized/plastic/plastic110.jpg,plastic,validation
trashnet/data/dataset-resized/cardboard/cardboard72.jpg,cardboard,validation
trashnet/data/dataset-resized/glass/glass296.jpg,glass,validation
trashnet/data/dataset-resized/cardboard/cardboard238.jpg,cardboard,validation
trashnet/data/dataset-resized/plastic/plastic236.jpg,plastic,validation
trashnet/data/dataset-resized/plastic/plastic388.jpg,plastic,validation
trashnet/data/dataset-resized/cardboard/cardboard256.jpg,cardboard,validation
trashnet/data/dataset-resized/metal/metal44.jpg,metal,validation
trashnet/data/dataset-resized/metal/metal182.jpg,metal,validation
trashnet/data/dataset-resized/cardboard/cardboard146.jpg,cardboard,validation
trashnet/data/dataset-resized/metal/metal70.jpg,metal,validation
trashnet/data/dataset-resized/cardboard/cardboard379.jpg,cardboard,validation
trashnet/data/dataset-resized/paper/paper345.jpg,paper,validation
trashnet/data/dataset-resized/metal/metal72.jpg,metal,validation
trashnet/data/dataset-resized/cardboard/cardboard235.jpg,cardboard,validation
trashnet/data/dataset-resized/paper/paper101.jpg,paper,validation
trashnet/data/dataset-resized/paper/paper87.jpg,paper,validation
trashnet/data/dataset-resized/paper/paper411.jpg,paper,validation
trashnet/data/dataset-resized/glass/glass38.jpg,glass,validation
trashnet/data/dataset-resized/glass/glass74.jpg,glass,validation
trashnet/data/dataset-resized/glass/glass85.jpg,glass,validation
trashnet/data/dataset-resized/glass/glass7.jpg,glass,validation
trashnet/data/dataset-resized/paper/paper370.jpg,paper,validation
trashnet/data/dataset-resized/plastic/plastic308.jpg,plastic,validation
trashnet/data/dataset-resized/trash/trash13.jpg,trash,validation
trashnet/data/dataset-resized/cardboard/cardboard342.jpg,cardboard,validation
trashnet/data/dataset-resized/metal/metal281.jpg,metal,validation
trashnet/data/dataset-resized/paper/paper144.jpg,paper,validation
trashnet/data/dataset-resized/glass/glass123.jpg,glass,validation
trashnet/data/dataset-resized/glass/glass148.jpg,glass,validation
trashnet/data/dataset-resized/metal/metal177.jpg,metal,validation
trashnet/data/dataset-resized/paper/paper499.jpg,paper,validation
trashnet/data/dataset-resized/cardboard/cardboard231.jpg,cardboard,validation
trashnet/data/dataset-resized/plastic/plastic189.jpg,plastic,validation
trashnet/data/dataset-resized/plastic/plastic423.jpg,plastic,validation
trashnet/data/dataset-resized/metal/metal3.jpg,metal,validation
trashnet/data/dataset-resized/glass/glass71.jpg,glass,validation
trashnet/data/dataset-resized/paper/paper146.jpg,paper,validation
trashnet/data/dataset-resized/paper/paper304.jpg,paper,validation
trashnet/data/dataset-resized/metal/metal110.jpg,metal,validation
trashnet/data/dataset-resized/plastic/plastic199.jpg,plastic,validation
trashnet/data/dataset-resized/cardboard/cardboard81.jpg,cardboard,validation
trashnet/data/dataset-resized/cardboard/cardboard128.jpg,cardboard,validation
trashnet/data/dataset-resized/paper/paper232.jpg,paper,validation
trashnet/data/dataset-resized/metal/metal203.jpg,metal,validation
trashnet/data/dataset-resized/paper/paper498.jpg,paper,validation
trashnet/data/dataset-resized/paper/paper571.jpg,paper,validation
trashnet/data/dataset-resized/paper/paper64.jpg,paper,validation
trashnet/data/dataset-resized/metal/metal19.jpg,metal,validation
trashnet/data/dataset-resized/glass/glass161.jpg,glass,validation
trashnet/data/dataset-resized/trash/trash39.jpg,trash,validation
trashnet/data/dataset-resized/trash/trash81.jpg,trash,validation
trashnet/data/dataset-resized/metal/metal218.jpg,metal,validation
trashnet/data/dataset-resized/paper/paper263.jpg,paper,validation
trashnet/data/dataset-resized/trash/trash105.jpg,trash,validation
trashnet/data/dataset-resized/glass/glass352.jpg,glass,validation
trashnet/data/dataset-resized/glass/glass323.jpg,glass,validation
trashnet/data/dataset-resized/plastic/plastic62.jpg,plastic,validation
trashnet/data/dataset-resized/metal/metal252.jpg,metal,validation
trashnet/data/dataset-resized/plastic/plastic391.jpg,plastic,validation
trashnet/data/dataset-resized/paper/paper316.jpg,paper,validation
trashnet/data/dataset-resized/metal/metal133.jpg,metal,validation
trashnet/data/dataset-resized/cardboard/cardboard300.jpg,cardboard,validation
trashnet/data/dataset-resized/cardboard/cardboard386.jpg,cardboard,validation
trashnet/data/dataset-resized/cardboard/cardboard151.jpg,cardboard,validation
trashnet/data/dataset-resized/glass/glass473.jpg,glass,validation
trashnet/data/dataset-resized/metal/metal384.jpg,metal,validation
trashnet/data/dataset-resized/cardboard/cardboard269.jpg,cardboard,validation
trashnet/data/dataset-resized/metal/metal34.jpg,metal,validation
trashnet/data/dataset-resized/plastic/plastic134.jpg,plastic,validation
trashnet/data/dataset-resized/metal/metal389.jpg,metal,validation
trashnet/data/dataset-resized/glass/glass452.jpg,glass,validation
trashnet/data/dataset-resized/plastic/plastic22.jpg,plastic,validation
trashnet/data/dataset-resized/glass/glass77.jpg,glass,validation
trashnet/data/dataset-resized/cardboard/cardboard41.jpg,cardboard,validation
trashnet/data/dataset-resized/plastic/plastic6.jpg,plastic,validation
trashnet/data/dataset-resized/glass/glass285.jpg,glass,validation
trashnet/data/dataset-resized/cardboard/cardboard183.jpg,cardboard,validation
trashnet/data/dataset-resized/metal/metal228.jpg,metal,validation
trashnet/data/dataset-resized/metal/metal356.jpg,metal,validation
trashnet/data/dataset-resized/cardboard/cardboard126.jpg,cardboard,validation
trashnet/data/dataset-resized/plastic/plastic297.jpg,plastic,validation
trashnet/data/dataset-resized/paper/paper531.jpg,paper,validation
trashnet/data/dataset-resized/cardboard/cardboard303.jpg,cardboard,validation
trashnet/data/dataset-resized/plastic/plastic231.jpg,plastic,validation
trashnet/data/dataset-resized/paper/paper434.jpg,paper,validation
trashnet/data/dataset-resized/glass/glass249.jpg,glass,validation
trashnet/data/dataset-resized/paper/paper27.jpg,paper,validation
trashnet/data/dataset-resized/paper/paper70.jpg,paper,validation
trashnet/data/dataset-resized/cardboard/cardboard317.jpg,cardboard,validation
trashnet/data/dataset-resized/glass/glass326.jpg,glass,validation
trashnet/data/dataset-resized/metal/metal343.jpg,metal,validation
trashnet/data/dataset-resized/cardboard/cardboard284.jpg,cardboard,validation
trashnet/data/dataset-resized/trash/trash76.jpg,trash,validation
trashnet/data/dataset-resized/paper/paper109.jpg,paper,validation
trashnet/data/dataset-resized/metal/metal377.jpg,metal,validation
trashnet/data/dataset-resized/paper/paper293.jpg,paper,validation
trashnet/data/dataset-resized/paper/paper582.jpg,paper,validation
trashnet/data/dataset-resized/paper/paper276.jpg,paper,validation
trashnet/data/dataset-resized/paper/paper436.jpg,paper,validation
trashnet/data/dataset-resized/paper/paper296.jpg,paper,validation
trashnet/data/dataset-resized/metal/metal141.jpg,metal,validation
trashnet/data/dataset-resized/paper/paper186.jpg,paper,validation
trashnet/data/dataset-resized/glass/glass445.jpg,glass,validation
trashnet/data/dataset-resized/plastic/plastic89.jpg,plastic,validation
trashnet/data/dataset-resized/glass/glass317.jpg,glass,validation
trashnet/data/dataset-resized/paper/paper126.jpg,paper,validation
trashnet/data/dataset-resized/paper/paper207.jpg,paper,validation
trashnet/data/dataset-resized/cardboard/cardboard264.jpg,cardboard,validation
trashnet/data/dataset-resized/trash/trash114.jpg,trash,validation
trashnet/data/dataset-resized/cardboard/cardboard388.jpg,cardboard,validation
trashnet/data/dataset-resized/cardboard/cardboard169.jpg,cardboard,validation
trashnet/data/dataset-resized/plastic/plastic356.jpg,plastic,validation
trashnet/data/dataset-resized/plastic/plastic141.jpg,plastic,validation
trashnet/data/dataset-resized/glass/glass204.jpg,glass,validation
trashnet/data/dataset-resized/cardboard/cardboard217.jpg,cardboard,validation
trashnet/data/dataset-resized/metal/metal207.jpg,metal,validation
trashnet/data/dataset-resized/plastic/plastic277.jpg,plastic,validation
trashnet/data/dataset-resized/trash/trash77.jpg,trash,validation
trashnet/data/dataset-resized/paper/paper69.jpg,paper,validation
trashnet/data/dataset-resized/glass/glass120.jpg,glass,validation
trashnet/data/dataset-resized/paper/paper351.jpg,paper,validation
trashnet/data/dataset-resized/plastic/plastic46.jpg,plastic,validation
trashnet/data/dataset-resized/cardboard/cardboard164.jpg,cardboard,validation
trashnet/data/dataset-resized/paper/paper415.jpg,paper,validation
trashnet/data/dataset-resized/paper/paper570.jpg,paper,validation
trashnet/data/dataset-resized/cardboard/cardboard121.jpg,cardboard,validation
trashnet/data/dataset-resized/cardboard/cardboard63.jpg,cardboard,validation
trashnet/data/dataset-resized/paper/paper260.jpg,paper,validation
trashnet/data/dataset-resized/paper/paper45.jpg,paper,validation
trashnet/data/dataset-resized/paper/paper445.jpg,paper,validation
trashnet/data/dataset-resized/plastic/plastic372.jpg,plastic,validation
trashnet/data/dataset-resized/plastic/plastic374.jpg,plastic,validation
trashnet/data/dataset-resized/cardboard/cardboard246.jpg,cardboard,validation
trashnet/data/dataset-resized/cardboard/cardboard149.jpg,cardboard,validation
trashnet/data/dataset-resized/glass/glass99.jpg,glass,validation
trashnet/data/dataset-resized/paper/paper497.jpg,paper,validation
trashnet/data/dataset-resized/metal/metal351.jpg,metal,validation
trashnet/data/dataset-resized/paper/paper127.jpg,paper,validation
trashnet/data/dataset-resized/plastic/plastic198.jpg,plastic,validation
trashnet/data/dataset-resized/glass/glass455.jpg,glass,validation
trashnet/data/dataset-resized/glass/glass388.jpg,glass,validation
trashnet/data/dataset-resized/paper/paper502.jpg,paper,validation
trashnet/data/dataset-resized/paper/paper94.jpg,paper,validation
trashnet/data/dataset-resized/paper/paper25.jpg,paper,validation
trashnet/data/dataset-resized/cardboard/cardboard25.jpg,cardboard,validation
trashnet/data/dataset-resized/plastic/plastic23.jpg,plastic,validation
trashnet/data/dataset-resized/cardboard/cardboard364.jpg,cardboard,validation
trashnet/data/dataset-resized/paper/paper246.jpg,paper,validation
trashnet/data/dataset-resized/paper/paper543.jpg,paper,validation
trashnet/data/dataset-resized/glass/glass419.jpg,glass,validation
trashnet/data/dataset-resized/plastic/plastic85.jpg,plastic,validation
trashnet/data/dataset-resized/metal/metal198.jpg,metal,validation
trashnet/data/dataset-resized/paper/paper519.jpg,paper,validation
trashnet/data/dataset-resized/glass/glass184.jpg,glass,validation
trashnet/data/dataset-resized/plastic/plastic268.jpg,plastic,validation
trashnet/data/dataset-resized/paper/paper461.jpg,paper,validation
trashnet/data/dataset-resized/cardboard/cardboard12.jpg,cardboard,validation
trashnet/data/dataset-resized/plastic/plastic8.jpg,plastic,validation
trashnet/data/dataset-resized/cardboard/cardboard86.jpg,cardboard,validation
trashnet/data/dataset-resized/glass/glass361.jpg,glass,validation
trashnet/data/dataset-resized/cardboard/cardboard108.jpg,cardboard,validation
trashnet/data/dataset-resized/paper/paper50.jpg,paper,validation
trashnet/data/dataset-resized/paper/paper382.jpg,paper,validation
trashnet/data/dataset-resized/glass/glass485.jpg,glass,validation
trashnet/data/dataset-resized/cardboard/cardboard289.jpg,cardboard,validation
trashnet/data/dataset-resized/plastic/plastic91.jpg,plastic,validation
trashnet/data/dataset-resized/glass/glass126.jpg,glass,validation
trashnet/data/dataset-resized/paper/paper366.jpg,paper,validation
trashnet/data/dataset-resized/trash/trash106.jpg,trash,validation
trashnet/data/dataset-resized/plastic/plastic200.jpg,plastic,validation
trashnet/data/dataset-resized/cardboard/cardboard204.jpg,cardboard,validation
trashnet/data/dataset-resized/cardboard/cardboard26.jpg,cardboard,validation
trashnet/data/dataset-resized/paper/paper437.jpg,paper,validation
trashnet/data/dataset-resized/plastic/plastic420.jpg,plastic,validation
trashnet/data/dataset-resized/trash/trash35.jpg,trash,validation
trashnet/data/dataset-resized/cardboard/cardboard230.jpg,cardboard,validation
trashnet/data/dataset-resized/metal/metal245.jpg,metal,validation
trashnet/data/dataset-resized/glass/glass201.jpg,glass,validation
trashnet/data/dataset-resized/cardboard/cardboard391.jpg,cardboard,validation
trashnet/data/dataset-resized/paper/paper314.jpg,paper,validation
trashnet/data/dataset-resized/plastic/plastic244.jpg,plastic,validation
trashnet/data/dataset-resized/glass/glass429.jpg,glass,validation
trashnet/data/dataset-resized/cardboard/cardboard286.jpg,cardboard,validation
trashnet/data/dataset-resized/metal/metal96.jpg,metal,validation
trashnet/data/dataset-resized/glass/glass55.jpg,glass,validation
trashnet/data/dataset-resized/metal/metal101.jpg,metal,validation
trashnet/data/dataset-resized/plastic/plastic30.jpg,plastic,validation
trashnet/data/dataset-resized/metal/metal400.jpg,metal,validation
trashnet/data/dataset-resized/paper/paper439.jpg,paper,validation
trashnet/data/dataset-resized/plastic/plastic152.jpg,plastic,validation
trashnet/data/dataset-resized/cardboard/cardboard52.jpg,cardboard,validation
trashnet/data/dataset-resized/plastic/plastic150.jpg,plastic,validation
trashnet/data/dataset-resized/metal/metal314.jpg,metal,validation
trashnet/data/dataset-resized/metal/metal307.jpg,metal,validation
trashnet/data/dataset-resized/plastic/plastic290.jpg,plastic,validation
trashnet/data/dataset-resized/glass/glass196.jpg,glass,validation
trashnet/data/dataset-resized/paper/paper265.jpg,paper,validation
trashnet/data/dataset-resized/cardboard/cardboard354.jpg,cardboard,validation
trashnet/data/dataset-resized/paper/paper325.jpg,paper,validation
trashnet/data/dataset-resized/glass/glass426.jpg,glass,validation
trashnet/data/dataset-resized/trash/trash58.jpg,trash,validation
trashnet/data/dataset-resized/trash/trash123.jpg,trash,validation
trashnet/data/dataset-resized/paper/paper409.jpg,paper,validation
trashnet/data/dataset-resized/trash/trash93.jpg,trash,validation
trashnet/data/dataset-resized/glass/glass329.jpg,glass,validation
trashnet/data/dataset-resized/paper/paper96.jpg,paper,validation
trashnet/data/dataset-resized/metal/metal292.jpg,metal,validation
trashnet/data/dataset-resized/metal/metal130.jpg,metal,validation
trashnet/data/dataset-resized/paper/paper278.jpg,paper,validation
trashnet/data/dataset-resized/trash/trash125.jpg,trash,validation
trashnet/data/dataset-resized/glass/glass424.jpg,glass,validation
trashnet/data/dataset-resized/trash/trash59.jpg,trash,validation
trashnet/data/dataset-resized/glass/glass208.jpg,glass,validation
trashnet/data/dataset-resized/paper/paper357.jpg,paper,validation
trashnet/data/dataset-resized/cardboard/cardboard365.jpg,cardboard,validation
trashnet/data/dataset-resized/metal/metal248.jpg,metal,validation
trashnet/data/dataset-resized/paper/paper120.jpg,paper,validation
trashnet/data/dataset-resized/plastic/plastic379.jpg,plastic,validation
trashnet/data/dataset-resized/paper/paper581.jpg,paper,validation
trashnet/data/dataset-resized/glass/glass152.jpg,glass,validation
trashnet/data/dataset-resized/plastic/plastic11.jpg,plastic,validation
trashnet/data/dataset-resized/plastic/plastic216.jpg,plastic,validation
trashnet/data/dataset-resized/paper/paper427.jpg,paper,validation
trashnet/data/dataset-resized/paper/paper118.jpg,paper,validation
trashnet/data/dataset-resized/metal/metal331.jpg,metal,validation
trashnet/data/dataset-resized/glass/glass475.jpg,glass,validation
trashnet/data/dataset-resized/glass/glass234.jpg,glass,validation
trashnet/data/dataset-resized/glass/glass186.jpg,glass,validation
trashnet/data/dataset-resized/paper/paper472.jpg,paper,validation
trashnet/data/dataset-resized/paper/paper510.jpg,paper,validation
trashnet/data/dataset-resized/plastic/plastic201.jpg,plastic,validation
trashnet/data/dataset-resized/paper/paper16.jpg,paper,validation
trashnet/data/dataset-resized/glass/glass334.jpg,glass,validation
trashnet/data/dataset-resized/plastic/plastic162.jpg,plastic,validation
trashnet/data/dataset-resized/paper/paper466.jpg,paper,validation
trashnet/data/dataset-resized/paper/paper340.jpg,paper,validation
trashnet/data/dataset-resized/paper/paper133.jpg,paper,validation
trashnet/data/dataset-resized/cardboard/cardboard22.jpg,cardboard,validation
trashnet/data/dataset-resized/paper/paper99.jpg,paper,validation
trashnet/data/dataset-resized/plastic/plastic339.jpg,plastic,validation
trashnet/data/dataset-resized/trash/trash33.jpg,trash,validation
trashnet/data/dataset-resized/glass/glass300.jpg,glass,validation
trashnet/data/dataset-resized/metal/metal84.jpg,metal,validation
trashnet/data/dataset-resized/paper/paper78.jpg,paper,validation
trashnet/data/dataset-resized/metal/metal164.jpg,metal,validation
trashnet/data/dataset-resized/cardboard/cardboard112.jpg,cardboard,validation
trashnet/data/dataset-resized/glass/glass387.jpg,glass,validation
trashnet/data/dataset-resized/glass/glass13.jpg,glass,validation
trashnet/data/dataset-resized/plastic/plastic209.jpg,plastic,validation
trashnet/data/dataset-resized/cardboard/cardboard15.jpg,cardboard,validation
trashnet/data/dataset-resized/plastic/plastic75.jpg,plastic,validation
trashnet/data/dataset-resized/paper/paper31.jpg,paper,validation
trashnet/data/dataset-resized/paper/paper42.jpg,paper,validation
trashnet/data/dataset-resized/metal/metal112.jpg,metal,validation
trashnet/data/dataset-resized/cardboard/cardboard329.jpg,cardboard,validation
trashnet/data/dataset-resized/cardboard/cardboard133.jpg,cardboard,validation
trashnet/data/dataset-resized/trash/trash133.jpg,trash,validation
trashnet/data/dataset-resized/glass/glass414.jpg,glass,validation
trashnet/data/dataset-resized/glass/glass248.jpg,glass,validation
trashnet/data/dataset-resized/metal/metal85.jpg,metal,validation
trashnet/data/dataset-resized/glass/glass228.jpg,glass,validation
trashnet/data/dataset-resized/paper/paper206.jpg,paper,validation
trashnet/data/dataset-resized/metal/metal355.jpg,metal,validation
trashnet/data/dataset-resized/cardboard/cardboard27.jpg,cardboard,validation
trashnet/data/dataset-resized/cardboard/cardboard301.jpg,cardboard,validation
trashnet/data/dataset-resized/paper/paper308.jpg,paper,validation
trashnet/data/dataset-resized/plastic/plastic437.jpg,plastic,validation
trashnet/data/dataset-resized/glass/glass309.jpg,glass,validation
trashnet/data/dataset-resized/plastic/plastic335.jpg,plastic,validation
trashnet/data/dataset-resized/metal/metal208.jpg,metal,validation
trashnet/data/dataset-resized/metal/metal79.jpg,metal,test
trashnet/data/dataset-resized/plastic/plastic354.jpg,plastic,test
trashnet/data/dataset-resized/cardboard/cardboard213.jpg,cardboard,test
trashnet/data/dataset-resized/glass/glass193.jpg,glass,test
trashnet/data/dataset-resized/glass/glass367.jpg,glass,test
trashnet/data/dataset-resized/plastic/plastic193.jpg,plastic,test
trashnet/data/dataset-resized/metal/metal122.jpg,metal,test
trashnet/data/dataset-resized/plastic/plastic328.jpg,plastic,test
trashnet/data/dataset-resized/paper/paper53.jpg,paper,test
trashnet/data/dataset-resized/paper/paper164.jpg,paper,test
trashnet/data/dataset-resized/trash/trash134.jpg,trash,test
trashnet/data/dataset-resized/glass/glass275.jpg,glass,test
trashnet/data/dataset-resized/paper/paper408.jpg,paper,test
trashnet/data/dataset-resized/cardboard/cardboard159.jpg,cardboard,test
trashnet/data/dataset-resized/metal/metal56.jpg,metal,test
trashnet/data/dataset-resized/plastic/plastic140.jpg,plastic,test
trashnet/data/dataset-resized/cardboard/cardboard220.jpg,cardboard,test
trashnet/data/dataset-resized/paper/paper85.jpg,paper,test
trashnet/data/dataset-resized/metal/metal123.jpg,metal,test
trashnet/data/dataset-resized/plastic/plastic215.jpg,plastic,test
trashnet/data/dataset-resized/paper/paper564.jpg,paper,test
trashnet/data/dataset-resized/paper/paper107.jpg,paper,test
trashnet/data/dataset-resized/paper/paper75.jpg,paper,test
trashnet/data/dataset-resized/plastic/plastic17.jpg,plastic,test
trashnet/data/dataset-resized/cardboard/cardboard89.jpg,cardboard,test
trashnet/data/dataset-resized/glass/glass421.jpg,glass,test
trashnet/data/dataset-resized/metal/metal76.jpg,metal,test
trashnet/data/dataset-resized/paper/paper494.jpg,paper,test
trashnet/data/dataset-resized/cardboard/cardboard57.jpg,cardboard,test
trashnet/data/dataset-resized/paper/paper171.jpg,paper,test
trashnet/data/dataset-resized/metal/metal20.jpg,metal,test
trashnet/data/dataset-resized/metal/metal28.jpg,metal,test
trashnet/data/dataset-resized/metal/metal328.jpg,metal,test
trashnet/data/dataset-resized/plastic/plastic88.jpg,plastic,test
trashnet/data/dataset-resized/trash/trash78.jpg,trash,test
trashnet/data/dataset-resized/glass/glass489.jpg,glass,test
trashnet/data/dataset-resized/cardboard/cardboard225.jpg,cardboard,test
trashnet/data/dataset-resized/paper/paper100.jpg,paper,test
trashnet/data/dataset-resized/metal/metal14.jpg,metal,test
trashnet/data/dataset-resized/cardboard/cardboard50.jpg,cardboard,test
trashnet/data/dataset-resized/metal/metal91.jpg,metal,test
trashnet/data/dataset-resized/metal/metal371.jpg,metal,test
trashnet/data/dataset-resized/trash/trash118.jpg,trash,test
trashnet/data/dataset-resized/paper/paper501.jpg,paper,test
trashnet/data/dataset-resized/paper/paper173.jpg,paper,test
trashnet/data/dataset-resized/glass/glass217.jpg,glass,test
trashnet/data/dataset-resized/glass/glass472.jpg,glass,test
trashnet/data/dataset-resized/metal/metal2.jpg,metal,test
trashnet/data/dataset-resized/paper/paper138.jpg,paper,test
trashnet/data/dataset-resized/paper/paper335.jpg,paper,test
trashnet/data/dataset-resized/cardboard/cardboard377.jpg,cardboard,test
trashnet/data/dataset-resized/metal/metal51.jpg,metal,test
trashnet/data/dataset-resized/paper/paper150.jpg,paper,test
trashnet/data/dataset-resized/metal/metal189.jpg,metal,test
trashnet/data/dataset-resized/paper/paper218.jpg,paper,test
trashnet/data/dataset-resized/metal/metal278.jpg,metal,test
trashnet/data/dataset-resized/paper/paper578.jpg,paper,test
trashnet/data/dataset-resized/paper/paper576.jpg,paper,test
trashnet/data/dataset-resized/metal/metal128.jpg,metal,test
trashnet/data/dataset-resized/paper/paper235.jpg,paper,test
trashnet/data/dataset-resized/metal/metal230.jpg,metal,test
trashnet/data/dataset-resized/metal/metal98.jpg,metal,test
trashnet/data/dataset-resized/paper/paper500.jpg,paper,test
trashnet/data/dataset-resized/plastic/plastic167.jpg,plastic,test
trashnet/data/dataset-resized/cardboard/cardboard355.jpg,cardboard,test
trashnet/data/dataset-resized/paper/paper313.jpg,paper,test
trashnet/data/dataset-resized/cardboard/cardboard93.jpg,cardboard,test
trashnet/data/dataset-resized/cardboard/cardboard9.jpg,cardboard,test
trashnet/data/dataset-resized/cardboard/cardboard313.jpg,cardboard,test
trashnet/data/dataset-resized/paper/paper37.jpg,paper,test
trashnet/data/dataset-resized/paper/paper455.jpg,paper,test
trashnet/data/dataset-resized/plastic/plastic63.jpg,plastic,test
trashnet/data/dataset-resized/glass/glass359.jpg,glass,test
trashnet/data/dataset-resized/glass/glass265.jpg,glass,test
trashnet/data/dataset-resized/plastic/plastic217.jpg,plastic,test
trashnet/data/dataset-resized/trash/trash14.jpg,trash,test
trashnet/data/dataset-resized/plastic/plastic347.jpg,plastic,test
trashnet/data/dataset-resized/paper/paper128.jpg,paper,test
trashnet/data/dataset-resized/cardboard/cardboard31.jpg,cardboard,test
trashnet/data/dataset-resized/paper/paper33.jpg,paper,test
trashnet/data/dataset-resized/plastic/plastic407.jpg,plastic,test
trashnet/data/dataset-resized/glass/glass299.jpg,glass,test
trashnet/data/dataset-resized/trash/trash62.jpg,trash,test
trashnet/data/dataset-resized/paper/paper590.jpg,paper,test
trashnet/data/dataset-resized/glass/glass291.jpg,glass,test
trashnet/data/dataset-resized/cardboard/cardboard368.jpg,cardboard,test
trashnet/data/dataset-resized/plastic/plastic449.jpg,plastic,test
trashnet/data/dataset-resized/glass/glass392.jpg,glass,test
trashnet/data/dataset-resized/cardboard/cardboard344.jpg,cardboard,test
trashnet/data/dataset-resized/cardboard/cardboard245.jpg,cardboard,test
trashnet/data/dataset-resized/plastic/plastic312.jpg,plastic,test
trashnet/data/dataset-resized/paper/paper342.jpg,paper,test
trashnet/data/dataset-resized/glass/glass468.jpg,glass,test
trashnet/data/dataset-resized/metal/metal269.jpg,metal,test
trashnet/data/dataset-resized/glass/glass404.jpg,glass,test
trashnet/data/dataset-resized/cardboard/cardboard285.jpg,cardboard,test
trashnet/data/dataset-resized/paper/paper588.jpg,paper,test
trashnet/data/dataset-resized/glass/glass346.jpg,glass,test
trashnet/data/dataset-resized/plastic/plastic401.jpg,plastic,test
trashnet/data/dataset-resized/glass/glass453.jpg,glass,test
trashnet/data/dataset-resized/glass/glass17.jpg,glass,test
trashnet/data/dataset-resized/plastic/plastic52.jpg,plastic,test
trashnet/data/dataset-resized/plastic/plastic39.jpg,plastic,test
trashnet/data/dataset-resized/glass/glass481.jpg,glass,test
trashnet/data/dataset-resized/metal/metal390.jpg,metal,test
trashnet/data/dataset-resized/plastic/plastic7.jpg,plastic,test
trashnet/data/dataset-resized/cardboard/cardboard179.jpg,cardboard,test
trashnet/data/dataset-resized/glass/glass200.jpg,glass,test
trashnet/data/dataset-resized/paper/paper170.jpg,paper,test
trashnet/data/dataset-resized/glass/glass82.jpg,glass,test
trashnet/data/dataset-resized/paper/paper384.jpg,paper,test
trashnet/data/dataset-resized/glass/glass146.jpg,glass,test
trashnet/data/dataset-resized/glass/glass140.jpg,glass,test
trashnet/data/dataset-resized/metal/metal393.jpg,metal,test
trashnet/data/dataset-resized/paper/paper428.jpg,paper,test
trashnet/data/dataset-resized/metal/metal102.jpg,metal,test
trashnet/data/dataset-resized/plastic/plastic292.jpg,plastic,test
trashnet/data/dataset-resized/plastic/plastic412.jpg,plastic,test
trashnet/data/dataset-resized/glass/glass277.jpg,glass,test
trashnet/data/dataset-resized/paper/paper572.jpg,paper,test
trashnet/data/dataset-resized/paper/paper124.jpg,paper,test
trashnet/data/dataset-resized/plastic/plastic436.jpg,plastic,test
trashnet/data/dataset-resized/glass/glass271.jpg,glass,test
trashnet/data/dataset-resized/paper/paper137.jpg,paper,test
trashnet/data/dataset-resized/cardboard/cardboard135.jpg,cardboard,test
trashnet/data/dataset-resized/plastic/plastic79.jpg,plastic,test
trashnet/data/dataset-resized/plastic/plastic465.jpg,plastic,test
trashnet/data/dataset-resized/metal/metal326.jpg,metal,test
trashnet/data/dataset-resized/paper/paper147.jpg,paper,test
trashnet/data/dataset-resized/glass/glass176.jpg,glass,test
trashnet/data/dataset-resized/paper/paper48.jpg,paper,test
trashnet/data/dataset-resized/trash/trash72.jpg,trash,test
trashnet/data/dataset-resized/cardboard/cardboard370.jpg,cardboard,test
trashnet/data/dataset-resized/metal/metal197.jpg,metal,test
trashnet/data/dataset-resized/plastic/plastic57.jpg,plastic,test
trashnet/data/dataset-resized/plastic/plastic105.jpg,plastic,test
trashnet/data/dataset-resized/trash/trash50.jpg,trash,test
trashnet/data/dataset-resized/glass/glass477.jpg,glass,test
trashnet/data/dataset-resized/paper/paper262.jpg,paper,test
trashnet/data/dataset-resized/plastic/plastic471.jpg,plastic,test
trashnet/data/dataset-resized/plastic/plastic28.jpg,plastic,test
trashnet/data/dataset-resized/glass/glass4.jpg,glass,test
trashnet/data/dataset-resized/plastic/plastic154.jpg,plastic,test
trashnet/data/dataset-resized/paper/paper270.jpg,paper,test
trashnet/data/dataset-resized/plastic/plastic450.jpg,plastic,test
trashnet/data/dataset-resized/cardboard/cardboard137.jpg,cardboard,test
trashnet/data/dataset-resized/cardboard/cardboard248.jpg,cardboard,test
trashnet/data/dataset-resized/glass/glass497.jpg,glass,test
trashnet/data/dataset-resized/trash/trash132.jpg,trash,test
trashnet/data/dataset-resized/paper/paper28.jpg,paper,test
trashnet/data/dataset-resized/trash/trash60.jpg,trash,test
trashnet/data/dataset-resized/paper/paper558.jpg,paper,test
trashnet/data/dataset-resized/cardboard/cardboard208.jpg,cardboard,test
trashnet/data/dataset-resized/plastic/plastic171.jpg,plastic,test
trashnet/data/dataset-resized/metal/metal381.jpg,metal,test
trashnet/data/dataset-resized/paper/paper495.jpg,paper,test
trashnet/data/dataset-resized/paper/paper435.jpg,paper,test
trashnet/data/dataset-resized/plastic/plastic462.jpg,plastic,test
trashnet/data/dataset-resized/paper/paper315.jpg,paper,test
trashnet/data/dataset-resized/cardboard/cardboard353.jpg,cardboard,test
trashnet/data/dataset-resized/paper/paper273.jpg,paper,test
trashnet/data/dataset-resized/paper/paper122.jpg,paper,test
trashnet/data/dataset-resized/paper/paper395.jpg,paper,test
trashnet/data/dataset-resized/glass/glass195.jpg,glass,test
trashnet/data/dataset-resized/paper/paper591.jpg,paper,test
trashnet/data/dataset-resized/paper/paper297.jpg,paper,test
trashnet/data/dataset-resized/glass/glass304.jpg,glass,test
trashnet/data/dataset-resized/cardboard/cardboard209.jpg,cardboard,test
trashnet/data/dataset-resized/paper/paper224.jpg,paper,test
trashnet/data/dataset-resized/paper/paper585.jpg,paper,test
trashnet/data/dataset-resized/metal/metal251.jpg,metal,test
trashnet/data/dataset-resized/metal/metal340.jpg,metal,test
trashnet/data/dataset-resized/paper/paper36.jpg,paper,test
trashnet/data/dataset-resized/cardboard/cardboard43.jpg,cardboard,test
trashnet/data/dataset-resized/paper/paper317.jpg,paper,test
trashnet/data/dataset-resized/metal/metal361.jpg,metal,test
trashnet/data/dataset-resized/glass/glass467.jpg,glass,test
trashnet/data/dataset-resized/cardboard/cardboard33.jpg,cardboard,test
trashnet/data/dataset-resized/cardboard/cardboard400.jpg,cardboard,test
trashnet/data/dataset-resized/cardboard/cardboard129.jpg,cardboard,test
trashnet/data/dataset-resized/paper/paper242.jpg,paper,test
trashnet/data/dataset-resized/trash/trash12.jpg,trash,test
trashnet/data/dataset-resized/plastic/plastic410.jpg,plastic,test
trashnet/data/dataset-resized/paper/paper65.jpg,paper,test
trashnet/data/dataset-resized/glass/glass315.jpg,glass,test
trashnet/data/dataset-resized/glass/glass6.jpg,glass,test
trashnet/data/dataset-resized/metal/metal348.jpg,metal,test
trashnet/data/dataset-resized/paper/paper215.jpg,paper,test
trashnet/data/dataset-resized/plastic/plastic139.jpg,plastic,test
trashnet/data/dataset-resized/cardboard/cardboard273.jpg,cardboard,test
trashnet/data/dataset-resized/paper/paper464.jpg,paper,test
trashnet/data/dataset-resized/cardboard/cardboard244.jpg,cardboard,test
trashnet/data/dataset-resized/glass/glass261.jpg,glass,test
trashnet/data/dataset-resized/cardboard/cardboard295.jpg,cardboard,test
trashnet/data/dataset-resized/paper/paper136.jpg,paper,test
trashnet/data/dataset-resized/paper/paper414.jpg,paper,test
trashnet/data/dataset-resized/metal/metal333.jpg,metal,test
trashnet/data/dataset-resized/glass/glass214.jpg,glass,test
trashnet/data/dataset-resized/plastic/plastic426.jpg,plastic,test
trashnet/data/dataset-resized/paper/paper331.jpg,paper,test
trashnet/data/dataset-resized/glass/glass355.jpg,glass,test
trashnet/data/dataset-resized/glass/glass231.jpg,glass,test
trashnet/data/dataset-resized/paper/paper290.jpg,paper,test
trashnet/data/dataset-resized/metal/metal80.jpg,metal,test
trashnet/data/dataset-resized/plastic/plastic361.jpg,plastic,test
trashnet/data/dataset-resized/cardboard/cardboard186.jpg,cardboard,test
trashnet/data/dataset-resized/cardboard/cardboard59.jpg,cardboard,test
trashnet/data/dataset-resized/paper/paper478.jpg,paper,test
trashnet/data/dataset-resized/glass/glass495.jpg,glass,test
trashnet/data/dataset-resized/trash/trash92.jpg,trash,test
trashnet/data/dataset-resized/plastic/plastic77.jpg,plastic,test
trashnet/data/dataset-resized/cardboard/cardboard84.jpg,cardboard,test
trashnet/data/dataset-resized/cardboard/cardboard322.jpg,cardboard,test
trashnet/data/dataset-resized/cardboard/cardboard265.jpg,cardboard,test
trashnet/data/dataset-resized/paper/paper102.jpg,paper,test
trashnet/data/dataset-resized/glass/glass390.jpg,glass,test
trashnet/data/dataset-resized/trash/trash82.jpg,trash,test
trashnet/data/dataset-resized/paper/paper106.jpg,paper,test
trashnet/data/dataset-resized/plastic/plastic266.jpg,plastic,test
trashnet/data/dataset-resized/paper/paper322.jpg,paper,test
trashnet/data/dataset-resized/cardboard/cardboard79.jpg,cardboard,test
trashnet/data/dataset-resized/plastic/plastic283.jpg,plastic,test
trashnet/data/dataset-resized/plastic/plastic399.jpg,plastic,test
trashnet/data/dataset-resized/trash/trash2.jpg,trash,test
trashnet/data/dataset-resized/glass/glass188.jpg,glass,test
trashnet/data/dataset-resized/cardboard/cardboard21.jpg,cardboard,test
trashnet/data/dataset-resized/glass/glass104.jpg,glass,test
trashnet/data/dataset-resized/glass/glass345.jpg,glass,test
trashnet/data/dataset-resized/glass/glass470.jpg,glass,test
trashnet/data/dataset-resized/metal/metal325.jpg,metal,test
trashnet/data/dataset-resized/cardboard/cardboard184.jpg,cardboard,test
trashnet/data/dataset-resized/paper/paper321.jpg,paper,test
trashnet/data/dataset-resized/plastic/plastic417.jpg,plastic,test
trashnet/data/dataset-resized/plastic/plastic272.jpg,plastic,test
trashnet/data/dataset-resized/plastic/plastic313.jpg,plastic,test
trashnet/data/dataset-resized/cardboard/cardboard65.jpg,cardboard,test
trashnet/data/dataset-resized/cardboard/cardboard328.jpg,cardboard,test
trashnet/data/dataset-resized/cardboard/cardboard275.jpg,cardboard,test
trashnet/data/dataset-resized/metal/metal354.jpg,metal,test
trashnet/data/dataset-resized/glass/glass20.jpg,glass,test
trashnet/data/dataset-resized/plastic/plastic100.jpg,plastic,test
trashnet/data/dataset-resized/metal/metal404.jpg,metal,test
trashnet/data/dataset-resized/glass/glass402.jpg,glass,test
trashnet/data/dataset-resized/paper/paper52.jpg,paper,test
trashnet/data/dataset-resized/cardboard/cardboard305.jpg,cardboard,test
trashnet/data/dataset-resized/plastic/plastic106.jpg,plastic,test
trashnet/data/dataset-resized/metal/metal273.jpg,metal,test
trashnet/data/dataset-resized/cardboard/cardboard170.jpg,cardboard,test
trashnet/data/dataset-resized/glass/glass325.jpg,glass,test
trashnet/data/dataset-resized/cardboard/cardboard345.jpg,cardboard,test
trashnet/data/dataset-resized/glass/glass413.jpg,glass,test
trashnet/data/dataset-resized/metal/metal288.jpg,metal,test
trashnet/data/dataset-resized/trash/trash127.jpg,trash,test
trashnet/data/dataset-resized/cardboard/cardboard335.jpg,cardboard,test
trashnet/data/dataset-resized/paper/paper227.jpg,paper,test
trashnet/data/dataset-resized/glass/glass127.jpg,glass,test
trashnet/data/dataset-resized/glass/glass159.jpg,glass,test
trashnet/data/dataset-resized/metal/metal365.jpg,metal,test
trashnet/data/dataset-resized/glass/glass207.jpg,glass,test
trashnet/data/dataset-resized/metal/metal206.jpg,metal,test
trashnet/data/dataset-resized/plastic/plastic461.jpg,plastic,test
trashnet/data/dataset-resized/cardboard/cardboard62.jpg,cardboard,test
trashnet/data/dataset-resized/paper/paper217.jpg,paper,test
trashnet/data/dataset-resized/plastic/plastic4.jpg,plastic,test
trashnet/data/dataset-resized/metal/metal213.jpg,metal,test
trashnet/data/dataset-resized/glass/glass380.jpg,glass,test
trashnet/data/dataset-resized/trash/trash128.jpg,trash,test
trashnet/data/dataset-resized/glass/glass34.jpg,glass,test
trashnet/data/dataset-resized/glass/glass415.jpg,glass,test
trashnet/data/dataset-resized/plastic/plastic458.jpg,plastic,test
trashnet/data/dataset-resized/trash/trash21.jpg,trash,test
trashnet/data/dataset-resized/glass/glass189.jpg,glass,test
trashnet/data/dataset-resized/trash/trash54.jpg,trash,test
trashnet/data/dataset-resized/glass/glass177.jpg,glass,test
trashnet/data/dataset-resized/paper/paper426.jpg,paper,test
trashnet/data/dataset-resized/paper/paper469.jpg,paper,test
trashnet/data/dataset-resized/paper/paper328.jpg,paper,test
trashnet/data/dataset-resized/cardboard/cardboard201.jpg,cardboard,test
trashnet/data/dataset-resized/paper/paper88.jpg,paper,test
trashnet/data/dataset-resized/paper/paper267.jpg,paper,test
trashnet/data/dataset-resized/cardboard/cardboard116.jpg,cardboard,test
trashnet/data/dataset-resized/metal/metal7.jpg,metal,test
trashnet/data/dataset-resized/plastic/plastic470.jpg,plastic,test
trashnet/data/dataset-resized/glass/glass480.jpg,glass,test
trashnet/data/dataset-resized/metal/metal29.jpg,metal,test
trashnet/data/dataset-resized/paper/paper521.jpg,paper,test
trashnet/data/dataset-resized/glass/glass183.jpg,glass,test
trashnet/data/dataset-resized/plastic/plastic430.jpg,plastic,test
trashnet/data/dataset-resized/paper/paper155.jpg,paper,test
trashnet/data/dataset-resized/glass/glass447.jpg,glass,test
trashnet/data/dataset-resized/metal/metal167.jpg,metal,test
trashnet/data/dataset-resized/paper/paper432.jpg,paper,test
trashnet/data/dataset-resized/glass/glass373.jpg,glass,test
trashnet/data/dataset-resized/glass/glass3.jpg,glass,test
trashnet/data/dataset-resized/metal/metal293.jpg,metal,test
trashnet/data/dataset-resized/metal/metal23.jpg,metal,test
trashnet/data/dataset-resized/glass/glass391.jpg,glass,test
trashnet/data/dataset-resized/plastic/plastic271.jpg,plastic,test
trashnet/data/dataset-resized/cardboard/cardboard136.jpg,cardboard,test
trashnet/data/dataset-resized/cardboard/cardboard138.jpg,cardboard,test
trashnet/data/dataset-resized/metal/metal71.jpg,metal,test
trashnet/data/dataset-resized/paper/paper151.jpg,paper,test
trashnet/data/dataset-resized/plastic/plastic66.jpg,plastic,test
trashnet/data/dataset-resized/metal/metal253.jpg,metal,test
trashnet/data/dataset-resized/cardboard/cardboard178.jpg,cardboard,test
trashnet/data/dataset-resized/paper/paper456.jpg,paper,test
trashnet/data/dataset-resized/paper/paper72.jpg,paper,test
trashnet/data/dataset-resized/metal/metal156.jpg,metal,test
trashnet/data/dataset-resized/paper/paper238.jpg,paper,test
trashnet/data/dataset-resized/plastic/plastic230.jpg,plastic,test
trashnet/data/dataset-resized/plastic/plastic284.jpg,plastic,test
trashnet/data/dataset-resized/metal/metal188.jpg,metal,test
trashnet/data/dataset-resized/plastic/plastic238.jpg,plastic,test
trashnet/data/dataset-resized/glass/glass347.jpg,glass,test
trashnet/data/dataset-resized/metal/metal181.jpg,metal,test
trashnet/data/dataset-resized/trash/trash24.jpg,trash,test
trashnet/data/dataset-resized/glass/glass270.jpg,glass,test
trashnet/data/dataset-resized/cardboard/cardboard276.jpg,cardboard,test
trashnet/data/dataset-resized/metal/metal166.jpg,metal,test
trashnet/data/dataset-resized/plastic/plastic178.jpg,plastic,test
trashnet/data/dataset-resized/metal/metal320.jpg,metal,test
trashnet/data/dataset-resized/plastic/plastic151.jpg,plastic,test
trashnet/data/dataset-resized/paper/paper349.jpg,paper,test
trashnet/data/dataset-resized/metal/metal324.jpg,metal,test
trashnet/data/dataset-resized/metal/metal215.jpg,metal,test
trashnet/data/dataset-resized/metal/metal50.jpg,metal,test
trashnet/data/dataset-resized/metal/metal397.jpg,metal,test
trashnet/data/dataset-resized/plastic/plastic206.jpg,plastic,test
trashnet/data/dataset-resized/metal/metal310.jpg,metal,test
trashnet/data/dataset-resized/plastic/plastic210.jpg,plastic,test
trashnet/data/dataset-resized/metal/metal388.jpg,metal,test
trashnet/data/dataset-resized/paper/paper66.jpg,paper,test
trashnet/data/dataset-resized/glass/glass255.jpg,glass,test
trashnet/data/dataset-resized/cardboard/cardboard314.jpg,cardboard,test
trashnet/data/dataset-resized/trash/trash52.jpg,trash,test
trashnet/data/dataset-resized/plastic/plastic330.jpg,plastic,test
trashnet/data/dataset-resized/glass/glass395.jpg,glass,test
trashnet/data/dataset-resized/glass/glass289.jpg,glass,test
trashnet/data/dataset-resized/cardboard/cardboard148.jpg,cardboard,test
trashnet/data/dataset-resized/paper/paper68.jpg,paper,test
trashnet/data/dataset-resized/glass/glass320.jpg,glass,test
trashnet/data/dataset-resized/plastic/plastic25.jpg,plastic,test
trashnet/data/dataset-resized/metal/metal347.jpg,metal,test
trashnet/data/dataset-resized/glass/glass432.jpg,glass,test
trashnet/data/dataset-resized/plastic/plastic402.jpg,plastic,test
trashnet/data/dataset-resized/paper/paper298.jpg,paper,test
trashnet/data/dataset-resized/metal/metal229.jpg,metal,test
trashnet/data/dataset-resized/plastic/plastic195.jpg,plastic,test
trashnet/data/dataset-resized/metal/metal401.jpg,metal,test
trashnet/data/dataset-resized/cardboard/cardboard122.jpg,cardboard,test
trashnet/data/dataset-resized/plastic/plastic473.jpg,plastic,test
trashnet/data/dataset-resized/cardboard/cardboard78.jpg,cardboard,test
trashnet/data/dataset-resized/plastic/plastic121.jpg,plastic,test
trashnet/data/dataset-resized/metal/metal30.jpg,metal,test
trashnet/data/dataset-resized/glass/glass191.jpg,glass,test
trashnet/data/dataset-resized/plastic/plastic359.jpg,plastic,test
trashnet/data/dataset-resized/glass/glass182.jpg,glass,test
trashnet/data/dataset-resized/plastic/plastic16.jpg,plastic,test
trashnet/data/dataset-resized/paper/paper135.jpg,paper,test
trashnet/data/dataset-resized/paper/paper323.jpg,paper,test
trashnet/data/dataset-resized/paper/paper7.jpg,paper,test
trashnet/data/dataset-resized/plastic/plastic157.jpg,plastic,test
trashnet/data/dataset-resized/plastic/plastic267.jpg,plastic,test
trashnet/data/dataset-resized/cardboard/cardboard266.jpg,cardboard,test
trashnet/data/dataset-resized/cardboard/cardboard4.jpg,cardboard,test
trashnet/data/dataset-resized/paper/paper17.jpg,paper,test
trashnet/data/dataset-resized/glass/glass318.jpg,glass,test
trashnet/data/dataset-resized/glass/glass156.jpg,glass,test
trashnet/data/dataset-resized/glass/glass362.jpg,glass,test
trashnet/data/dataset-resized/plastic/plastic415.jpg,plastic,test
trashnet/data/dataset-resized/plastic/plastic114.jpg,plastic,test
trashnet/data/dataset-resized/glass/glass379.jpg,glass,test
trashnet/data/dataset-resized/plastic/plastic228.jpg,plastic,test
trashnet/data/dataset-resized/plastic/plastic289.jpg,plastic,test
trashnet/data/dataset-resized/metal/metal75.jpg,metal,test
trashnet/data/dataset-resized/plastic/plastic440.jpg,plastic,test
trashnet/data/dataset-resized/trash/trash47.jpg,trash,test
trashnet/data/dataset-resized/glass/glass219.jpg,glass,test
trashnet/data/dataset-resized/paper/paper56.jpg,paper,test
trashnet/data/dataset-resized/glass/glass358.jpg,glass,test
